ID,AutoPlay,SpeakerID_nullable,EmotionType_nullable,StartEvent,StartEvent,Dialogue,EndEvent,,,,,,,,,,,,,,,,,,,,,,,,,,,,,,,,,,,,,,,,,,,,,,,,
0,TRUE,,,,,李～逍～遥，李～逍～遥！~,Dialogue`1,,,,,,,,,,,,,,,,,,,,,,,,,,,,,,,,,,,,,,,,,,,,,,,,
1,FALSE,0,Normal,,,哇哇！作恶多端的罗煞鬼婆~,Dialogue`2,,,,,,,,,,,,,,,,,,,,,,,,,,,,,,,,,,,,,,,,,,,,,,,,
2,FALSE,0,Normal,,,既然落在你的手里，要杀要剐不用多说！,Dialogue`3,RoleFade`5_1_2,GOFade`1_2_YuHang/YuHangInnRoom,,,,,,,,,,,,,,,,,,,,,,,,,,,,,,,,,,,,,,,,,,,,,,
3,FALSE,5,Normal,Curtain`1_0_0,BGPlay`0,李逍遥！你皮痒啊？敢说老娘是什么鬼婆！,Dialogue`4,,,,,,,,,,,,,,,,,,,,,,,,,,,,,,,,,,,,,,,,,,,,,,,,
4,FALSE,0,Normal,,,哎呦～疼啊！,Dialogue`5,SpecialAnim`0_GetUp_False_False,,,,,,,,,,,,,,,,,,,,,,,,,,,,,,,,,,,,,,,,,,,,,,,
5,FALSE,5,Normal,,,又在作白日梦了！你也老大不小了，整天疯疯癫癫地，也不学学做正经事！,Dialogue`6,,,,,,,,,,,,,,,,,,,,,,,,,,,,,,,,,,,,,,,,,,,,,,,,
6,FALSE,0,Normal,,,婶婶～你不要每次叫人起床都拿锅呀、铲呀，乱敲一通的，会吓死人哪！,Dialogue`7,,,,,,,,,,,,,,,,,,,,,,,,,,,,,,,,,,,,,,,,,,,,,,,,
7,FALSE,0,Normal,,,咱们这木床又不牢靠，万一我给摔死了，咱们李家就绝后啦。,Dialogue`8,,,,,,,,,,,,,,,,,,,,,,,,,,,,,,,,,,,,,,,,,,,,,,,,
8,FALSE,5,Normal,,,不这样叫得醒你吗？好歹你也跟林师傅学过几个月的木工，床不牢自己动手修一修不就好了？,Dialogue`9,,,,,,,,,,,,,,,,,,,,,,,,,,,,,,,,,,,,,,,,,,,,,,,,
9,FALSE,5,Normal,,,就只会削些木刀木剑的，成天学你爹舞刀弄剑，没个定性，有哪家姑娘愿意嫁给你喔．．,Dialogue`10,,,,,,,,,,,,,,,,,,,,,,,,,,,,,,,,,,,,,,,,,,,,,,,,
10,FALSE,0,Normal,,,那我爹怎么会娶到我娘？,Dialogue`11,,,,,,,,,,,,,,,,,,,,,,,,,,,,,,,,,,,,,,,,,,,,,,,,
11,FALSE,5,Normal,,,啧！你娘也是跟你爹一个样儿。,Dialogue`12,,,,,,,,,,,,,,,,,,,,,,,,,,,,,,,,,,,,,,,,,,,,,,,,
12,FALSE,5,Normal,,,嫁到咱们李家来，也不做针线女红，就只会跟着你爹疯．．,Dialogue`13,,,,,,,,,,,,,,,,,,,,,,,,,,,,,,,,,,,,,,,,,,,,,,,,
13,FALSE,0,Normal,RoleRotate`0_3,,嘿．．大家都说～他们是江湖上人人羡慕的鸳鸯侠侣呢！,Dialogue`14,,,,,,,,,,,,,,,,,,,,,,,,,,,,,,,,,,,,,,,,,,,,,,,,
14,FALSE,5,Normal,,,是哦～侠侣？说要去行侠仗义丢下你这惹祸精，一去无回。,Dialogue`15,,,,,,,,,,,,,,,,,,,,,,,,,,,,,,,,,,,,,,,,,,,,,,,,
15,FALSE,5,Normal,,,还不是我这老太婆省吃俭用的开了这么一家小小的客栈，才把你拉拔到这么大，结果养出这么一个懒鬼！,Dialogue`16,,,,,,,,,,,,,,,,,,,,,,,,,,,,,,,,,,,,,,,,,,,,,,,,
16,FALSE,0,Normal,SpecialAnim`0_AcrossChest_True,,谁说我是懒鬼啦？,Dialogue`17,,,,,,,,,,,,,,,,,,,,,,,,,,,,,,,,,,,,,,,,,,,,,,,,
17,FALSE,0,Normal,SpecialAnim`0_Perform_False_False,,我将来要像我爹娘一样练成绝世武功，纵横四海、称霸江湖的一代大侠！,Dialogue`18,SoundEffects`Duang,,,,,,,,,,,,,,,,,,,,,,,,,,,,,,,,,,,,,,,,,,,,,,,
18,FALSE,5,Normal,SpecialAnim`0_HeadShot_False_False,SpecialAnim`5_Chide_False_False,少跟老娘鬼扯淡！,Dialogue`19,,,,,,,,,,,,,,,,,,,,,,,,,,,,,,,,,,,,,,,,,,,,,,,,
19,FALSE,5,Normal,,,你呀～游手好闲是出了名的，要不是这回我忙不过来，才不指望你这懒鬼来帮忙呢！,Dialogue`20,,,,,,,,,,,,,,,,,,,,,,,,,,,,,,,,,,,,,,,,,,,,,,,,
20,FALSE,0,Normal,RoleRotate`0_1,RoleTransfer`5_2.4_0_7.045_1,一大早就有客人上门啦？,Dialogue`21,,,,,,,,,,,,,,,,,,,,,,,,,,,,,,,,,,,,,,,,,,,,,,,,
21,FALSE,5,Normal,RoleTransfer`5_2.16_0_6.925_0,,是啊．．还不快过来帮忙！,Dialogue`22,,,,,,,,,,,,,,,,,,,,,,,,,,,,,,,,,,,,,,,,,,,,,,,,
22,FALSE,0,Normal,RoleTransfer`0_3.28_0_7.53,RoleState`5_1,真没意思．．一大清早就要人家做这个又做那个的．．,Dialogue`23,,,,,,,,,,,,,,,,,,,,,,,,,,,,,,,,,,,,,,,,,,,,,,,,
23,FALSE,0,Normal,,SpecialAnim`0_Kowtow_True,嘿．．昨晚做好的密道正好派上用场，这次就从这里溜出去吧．．,Dialogue`24,,,,,,,,,,,,,,,,,,,,,,,,,,,,,,,,,,,,,,,,,,,,,,,,
24,FALSE,5,Normal,,,逍遥！还窝在房里干啥？快出来帮忙招呼客人！,Dialogue`25,,,,,,,,,,,,,,,,,,,,,,,,,,,,,,,,,,,,,,,,,,,,,,,,
25,FALSE,0,Normal,RoleTransfer`0_3.28_0_7.53_1,,喔！．．我马上就去。,Dialogue`26,,,,,,,,,,,,,,,,,,,,,,,,,,,,,,,,,,,,,,,,,,,,,,,,
26,FALSE,0,Normal,,,啧～算了，晚上再用密道吧，现在被发现就惨了。,UIPanel`BasicPanel,RoleRotate`0_1,,,,,,,,,,,,,,,,,,,,,,,,,,,,,,,,,,,,,,,,,,,,,,,
27,FALSE,5,Normal,RoleRotate`5_3,,搞什么～慢吞吞的！,Dialogue`28,,,,,,,,,,,,,,,,,,,,,,,,,,,,,,,,,,,,,,,,,,,,,,,,
28,FALSE,5,Normal,RoleRotate`5_2,,各位客官．．里边儿请．．,Dialogue`29,,,,,,,,,,,,,,,,,,,,,,,,,,,,,,,,,,,,,,,,,,,,,,,,
29,FALSE,5,Normal,RoleRotate`5_3,,逍遥！帮我招呼客官们歇歇腿，我到厨房准备酒菜．．,Dialogue`30,,,,,,,,,,,,,,,,,,,,,,,,,,,,,,,,,,,,,,,,,,,,,,,,
30,FALSE,6,Normal,RoleState`5_2,,小二！这间客栈我们包下了，除了老板和伙计，其他不相干的人全都给我请出去,Dialogue`31,,,,,,,,,,,,,,,,,,,,,,,,,,,,,,,,,,,,,,,,,,,,,,,,
31,FALSE,0,Normal,,,小店今天没别的客人，各位客官．．啊～不！请问各位大爷们还有啥吩咐的？,Dialogue`32,,,,,,,,,,,,,,,,,,,,,,,,,,,,,,,,,,,,,,,,,,,,,,,,
32,FALSE,6,Normal,,,以后没有我们的吩咐，不许闲杂人等上楼来，知道了吗？,Dialogue`33,,,,,,,,,,,,,,,,,,,,,,,,,,,,,,,,,,,,,,,,,,,,,,,,
33,FALSE,0,Normal,,,是．．这容易，小的一定照办,Dialogue`34,,,,,,,,,,,,,,,,,,,,,,,,,,,,,,,,,,,,,,,,,,,,,,,,
34,FALSE,6,Normal,,,很好！这些银子你拿去，往后这几天只要你乖乖听我们的话办事，赏银不会少你的。,Dialogue`35,,,,,,,,,,,,,,,,,,,,,,,,,,,,,,,,,,,,,,,,,,,,,,,,
35,FALSE,0,Normal,,,是～谢大爷的赏．．小店一定让您宾至如归！,CopperAdd`500,Tip`0,,,,,,,,,,,,,,,,,,,,,,,,,,,,,,,,,,,,,,,,,,,,,,,
36,FALSE,0,Normal,RoleRotate`0_1,,哇哈！真是遇到财神爷了,UIPanel`BasicPanel,RoleState`6_1,RoleState`7_1,RoleState`8_1,GOSwitch`False_YuHang/YuHangInnRoom/Device0,GOSwitch`True_YuHang/YuHangInnRoom/Device1,GOSwitch`True_YuHang/YuHangInnRoom/Device2,,,,,,,,,,,,,,,,,,,,,,,,,,,,,,,,,,,,,,,,,,
37,FALSE,6,Normal,,,没事了．．去忙你的吧,,,,,,,,,,,,,,,,,,,,,,,,,,,,,,,,,,,,,,,,,,,,,,,,,
38,FALSE,7,Normal,,,没事．．你可以走了,,,,,,,,,,,,,,,,,,,,,,,,,,,,,,,,,,,,,,,,,,,,,,,,,
39,FALSE,5,Normal,,,别怠慢了客人,,,,,,,,,,,,,,,,,,,,,,,,,,,,,,,,,,,,,,,,,,,,,,,,,
40,FALSE,5,Normal,,,逍遥你来的正好，快把门口那个臭要饭的赶走，免得妨碍咱们做生意,UIPanel`BasicPanel,RoleState`5_3,RoleState`9_1,RoleRotate`0_2,,,,,,,,,,,,,,,,,,,,,,,,,,,,,,,,,,,,,,,,,,,,,
41,FALSE,5,Normal,,,记得喔！等一下到厨房来帮忙端菜,,,,,,,,,,,,,,,,,,,,,,,,,,,,,,,,,,,,,,,,,,,,,,,,,
42,TRUE,,,,,一名衣衫褴褛的醉汉躺在门口,,,,,,,,,,,,,,,,,,,,,,,,,,,,,,,,,,,,,,,,,,,,,,,,,
43,FALSE,0,Normal,,,去去去！我们也很穷，没钱分给你,Dialogue`44,,,,,,,,,,,,,,,,,,,,,,,,,,,,,,,,,,,,,,,,,,,,,,,,
44,FALSE,9,Normal,,,我不是要钱，我只想讨些酒喝，小兄弟～拜托一下嘛．．给我一点酒吧,Dialogue`45,,,,,,,,,,,,,,,,,,,,,,,,,,,,,,,,,,,,,,,,,,,,,,,,
45,FALSE,0,Normal,,,不成！不成！给婶婶知道了我准挨骂，你赶快走吧！,Dialogue`46,,,,,,,,,,,,,,,,,,,,,,,,,,,,,,,,,,,,,,,,,,,,,,,,
46,FALSE,9,Normal,,,哎呀！没酒喝我一步也走不动，你就行行好吧．．,UIPanel`BasicPanel,RoleState`9_2,RoleState`5_4,GOSwitch`True_YuHang/YuHangInnRoom/Device5,,,,,,,,,,,,,,,,,,,,,,,,,,,,,,,,,,,,,,,,,,,,,
47,FALSE,9,Normal,,,拜托嘛～小兄弟．．我只要喝一小口酒就行了,UIPanel`BasicPanel,RoleState`9_3,,,,,,,,,,,,,,,,,,,,,,,,,,,,,,,,,,,,,,,,,,,,,,,
48,FALSE,9,Normal,,,酒．．求求你．．一口就好,Dialogue`49,,,,,,,,,,,,,,,,,,,,,,,,,,,,,,,,,,,,,,,,,,,,,,,,
49,FALSE,0,Normal,,,没见过这么赖皮的酒鬼,,,,,,,,,,,,,,,,,,,,,,,,,,,,,,,,,,,,,,,,,,,,,,,,,
50,FALSE,5,Normal,,,那乞丐打发走了没？,,,,,,,,,,,,,,,,,,,,,,,,,,,,,,,,,,,,,,,,,,,,,,,,,
51,FALSE,5,Normal,,,逍遥！快把桌上的酒菜端上楼去！,UIPanel`BasicPanel,GOSwitch`False_YuHang/YuHangInnRoom/Device5,GOSwitch`True_YuHang/YuHangInnRoom/Device6,,,,,,,,,,,,,,,,,,,,,,,,,,,,,,,,,,,,,,,,,,,,,,
52,TRUE,,,,,桌上摆着一份丰盛的酒菜，嗯～看起来很好吃的样子,,,,,,,,,,,,,,,,,,,,,,,,,,,,,,,,,,,,,,,,,,,,,,,,,
53,FALSE,5,Normal,SpecialAnim`0_PutDown_True,GOSwitch`False_YuHang/YuHangInnRoom/Device6,对了！就是那盘，赶快端去给楼上的客官,UIPanel`BasicPanel,RoleState`0_1,RoleState`5_5,RoleState`6_2,RoleState`9_4,GOSwitch`False_YuHang/YuHangInnRoom/Device1,GOSwitch`False_YuHang/YuHangInnRoom/Device2,GOSwitch`True_YuHang/YuHangInnRoom/Device3,GOSwitch`True_YuHang/YuHangInnRoom/Device4,GOSwitch`True_YuHang/YuHangInnRoom/EventTrigger0,,,,,,,,,,,,,,,,,,,,,,,,,,,,,,,,,,,,,,,
54,FALSE,5,Normal,,,别愣在这里，帮帮忙吧，我都快忙不过来了！,,,,,,,,,,,,,,,,,,,,,,,,,,,,,,,,,,,,,,,,,,,,,,,,,
55,FALSE,7,,,,喂！店小二，大爷们饿了，快点把酒菜送上来,,,,,,,,,,,,,,,,,,,,,,,,,,,,,,,,,,,,,,,,,,,,,,,,,
56,FALSE,7,,,,去忙你的吧．．,,,,,,,,,,,,,,,,,,,,,,,,,,,,,,,,,,,,,,,,,,,,,,,,,
57,FALSE,6,Normal,,,呵～累了，想早点休息,,,,,,,,,,,,,,,,,,,,,,,,,,,,,,,,,,,,,,,,,,,,,,,,,
58,FALSE,7,,,,哎～好饿！怎么还不送吃的过来,,,,,,,,,,,,,,,,,,,,,,,,,,,,,,,,,,,,,,,,,,,,,,,,,
59,FALSE,8,,,,这房间看起来蛮舒服的，今天总算可以好好睡一觉,,,,,,,,,,,,,,,,,,,,,,,,,,,,,,,,,,,,,,,,,,,,,,,,,
60,FALSE,6,Normal,,,送酒菜来啊？我还不饿，你先拿到隔壁给我的手下们吃,UIPanel`BasicPanel,RoleState`6_3,,,,,,,,,,,,,,,,,,,,,,,,,,,,,,,,,,,,,,,,,,,,,,,
61,FALSE,6,,,,本大爷说不饿，没听到是不是？端走！,UIPanel`BasicPanel,RoleState`6_10,,,,,,,,,,,,,,,,,,,,,,,,,,,,,,,,,,,,,,,,,,,,,,,
62,FALSE,6,,,,你去忙吧．．有事我再叫你,,,,,,,,,,,,,,,,,,,,,,,,,,,,,,,,,,,,,,,,,,,,,,,,,
63,FALSE,0,Normal,,,两位大爷！酒菜送来了,Dialogue`64,,,,,,,,,,,,,,,,,,,,,,,,,,,,,,,,,,,,,,,,,,,,,,,,
64,FALSE,8,,,,拿进来！,Dialogue`65,RoleTransfer`0_2.94_0_-0.42,RoleTransfer`8_3.45_0_-0.275_1,SpecialAnim`0_PutDown_False_False,GOSwitch`True_YuHang/YuHangInnRoom/Food0,,,,,,,,,,,,,,,,,,,,,,,,,,,,,,,,,,,,,,,,,,,,
65,FALSE,8,,,,嗯～这是什么酒呀？一点味道也没有！,Dialogue`66,,,,,,,,,,,,,,,,,,,,,,,,,,,,,,,,,,,,,,,,,,,,,,,,
66,FALSE,0,Normal,,,哦！大爷您有所不知，此酒乃本地的名产～桂花酒，清香甘醇无比，连当朝的贵妃娘娘都爱喝的不得了呢！,Dialogue`67,,,,,,,,,,,,,,,,,,,,,,,,,,,,,,,,,,,,,,,,,,,,,,,,
67,FALSE,8,,,,拿走！拿走！我们喝惯烈酒，才不要娘们喝的酒。,Dialogue`68,,,,,,,,,,,,,,,,,,,,,,,,,,,,,,,,,,,,,,,,,,,,,,,,
68,FALSE,0,Normal,,,那么．．小的再给您换一壶来,Dialogue`69,,,,,,,,,,,,,,,,,,,,,,,,,,,,,,,,,,,,,,,,,,,,,,,,
69,FALSE,8,,,,不必了！咱们自己有带酒。,Dialogue`70,SpecialAnim`0_PutAway_False_False,GOSwitch`False_YuHang/YuHangInnRoom/Food0,GOSwitch`True_YuHang/YuHangInnRoom/Food1,,,,,,,,,,,,,,,,,,,,,,,,,,,,,,,,,,,,,,,,,,,,,
70,TRUE,,,ItemAdd`24,,李逍遥把桂花酒收在怀里,UIPanel`BasicPanel,RoleState`0_2,RoleState`9_5,RoleState`6_10,RoleState`7_2,RoleState`8_2,GOSwitch`True_YuHang/YuHangInnRoom/Device1,GOSwitch`True_YuHang/YuHangInnRoom/Device2,GOSwitch`False_YuHang/YuHangInnRoom/Device3,GOSwitch`False_YuHang/YuHangInnRoom/Device4,,,,,,,,,,,,,,,,,,,,,,,,,,,,,,,,,,,,,,,
71,FALSE,7,,,,嗯．．这烧鸡味道不错，小菜也很可口．．,UIPanel`BasicPanel,RoleState`7_3,,,,,,,,,,,,,,,,,,,,,,,,,,,,,,,,,,,,,,,,,,,,,,,
72,FALSE,7,,,,好饱！好饱！,,,,,,,,,,,,,,,,,,,,,,,,,,,,,,,,,,,,,,,,,,,,,,,,,
73,FALSE,8,,,,从苗疆一路赶到这儿来，总算可以好好吃个一顿,UIPanel`BasicPanel,RoleState`8_3,,,,,,,,,,,,,,,,,,,,,,,,,,,,,,,,,,,,,,,,,,,,,,,
74,FALSE,8,,,,吃饱喝足了，明天好干大事！,,,,,,,,,,,,,,,,,,,,,,,,,,,,,,,,,,,,,,,,,,,,,,,,,
75,FALSE,9,Normal,,,酒．．求求你．．给我酒．．,Dialogue`76,,,,,,,,,,,,,,,,,,,,,,,,,,,,,,,,,,,,,,,,,,,,,,,,
76,FALSE,0,Normal,,,不行不行～这是给客人喝的,,,,,,,,,,,,,,,,,,,,,,,,,,,,,,,,,,,,,,,,,,,,,,,,,
77,FALSE,9,Normal,,,酒．．求求．．你．．一口．．喝一口．．就好,Dialogue`78,,,,,,,,,,,,,,,,,,,,,,,,,,,,,,,,,,,,,,,,,,,,,,,,
78,FALSE,0,Normal,ItemAdd`24_-1,,看你可怜，就给你喝一口吧，喂～只能喝一口喔！,Dialogue`79,SpecialAnim`9_GetUp_True,,,,,,,,,,,,,,,,,,,,,,,,,,,,,,,,,,,,,,,,,,,,,,,
79,FALSE,9,Normal,RoleFade`9_0_0,RoleFade`9_1_2,啊．．．．好酒！,Dialogue`80,,,,,,,,,,,,,,,,,,,,,,,,,,,,,,,,,,,,,,,,,,,,,,,,
80,FALSE,0,Normal,,,哎呀．．你怎么喝光了！,Dialogue`81,,,,,,,,,,,,,,,,,,,,,,,,,,,,,,,,,,,,,,,,,,,,,,,,
81,FALSE,9,Normal,,,嗝～我一口就是那么大口，真是不好意思．．,Dialogue`82,,,,,,,,,,,,,,,,,,,,,,,,,,,,,,,,,,,,,,,,,,,,,,,,
82,FALSE,0,Normal,,,你．．．你要赔我！,Dialogue`83,,,,,,,,,,,,,,,,,,,,,,,,,,,,,,,,,,,,,,,,,,,,,,,,
83,FALSE,9,Normal,,,呵呵．．要钱我可没有，你不是很想学剑吗？,Dialogue`84,,,,,,,,,,,,,,,,,,,,,,,,,,,,,,,,,,,,,,,,,,,,,,,,
84,FALSE,0,Normal,,,你怎么知道？,Dialogue`85,,,,,,,,,,,,,,,,,,,,,,,,,,,,,,,,,,,,,,,,,,,,,,,,
85,FALSE,9,Normal,,,看在酒的份上，贫道可以破例指点你几招,Dialogue`86,,,,,,,,,,,,,,,,,,,,,,,,,,,,,,,,,,,,,,,,,,,,,,,,
86,FALSE,0,Normal,,,．．你．．你要教我剑法？？老伯．．您别逗我了，您还是快走吧，要是给我婶婶知道我拿酒给你喝，准骂人的,Dialogue`87,RoleRotate`0_2,,,,,,,,,,,,,,,,,,,,,,,,,,,,,,,,,,,,,,,,,,,,,,,
87,FALSE,9,Normal,,,哈哈哈！那就明晚三更，十里坡"山神庙"。不见不散！,Dialogue`88,,,,,,,,,,,,,,,,,,,,,,,,,,,,,,,,,,,,,,,,,,,,,,,,
88,TRUE,,,RoleFlip`9_X_True,RoleFade`9_0_2,醉道士话说完一溜烟地就不见了．．,Dialogue`89,RoleState`9_6,,,,,,,,,,,,,,,,,,,,,,,,,,,,,,,,,,,,,,,,,,,,,,,
89,FALSE,0,Normal,RoleRotate`0_1,,咦～人呢？,Dialogue`90,,,,,,,,,,,,,,,,,,,,,,,,,,,,,,,,,,,,,,,,,,,,,,,,
90,FALSE,5,Normal,,,逍遥～你过来一下！,Dialogue`91,,,,,,,,,,,,,,,,,,,,,,,,,,,,,,,,,,,,,,,,,,,,,,,,
91,FALSE,0,Normal,RoleRotate`0_2,,　啊．．,UIPanel`BasicPanel,RoleState`5_6,GOSwitch`False_YuHang/YuHangInn/Obstacle0,GOSwitch`True_YuHang/YuHangDock0/EventTrigger0,,,,,,,,,,,,,,,,,,,,,,,,,,,,,,,,,,,,,,,,,,,,,
92,FALSE,5,Normal,,,你要是有空的话，就到菜市场帮我买几斤新鲜的虾回来，要是在市场买不到，就向打渔的船家们问看看,CopperAdd`50,Tip`17,,,,,,,,,,,,,,,,,,,,,,,,,,,,,,,,,,,,,,,,,,,,,,,
93,FALSE,0,Normal,,,呼．．．还好,Dialogue`94,,,,,,,,,,,,,,,,,,,,,,,,,,,,,,,,,,,,,,,,,,,,,,,,
94,FALSE,5,Normal,,,你在嘀咕什么？,Dialogue`95,,,,,,,,,,,,,,,,,,,,,,,,,,,,,,,,,,,,,,,,,,,,,,,,
95,FALSE,0,Normal,,,没事！我马上就去,Dialogue`96,,,,,,,,,,,,,,,,,,,,,,,,,,,,,,,,,,,,,,,,,,,,,,,,
96,FALSE,5,Normal,,,记得哦！要新鲜的才买,UIPanel`BasicPanel,RoleState`5_5,,,,,,,,,,,,,,,,,,,,,,,,,,,,,,,,,,,,,,,,,,,,,,,
97,TRUE,,,,,双手端着物品无法攀爬,,,,,,,,,,,,,,,,,,,,,,,,,,,,,,,,,,,,,,,,,,,,,,,,,
98,FALSE,10,,,,嗨～小李子！你婶婶还在店里头忙啊？怎么没见她来这洗衣服．．,Dialogue`99,,,,,,,,,,,,,,,,,,,,,,,,,,,,,,,,,,,,,,,,,,,,,,,,
99,FALSE,0,Normal,,,是啊．．今天一大早就来了一伙人要住店,Dialogue`100,,,,,,,,,,,,,,,,,,,,,,,,,,,,,,,,,,,,,,,,,,,,,,,,
100,FALSE,10,,,,李大娘真是劳碌命啊．．,UIPanel`BasicPanel,RoleState`10_1,,,,,,,,,,,,,,,,,,,,,,,,,,,,,,,,,,,,,,,,,,,,,,,
101,FALSE,10,,,,洗呀～　洗呀～,,,,,,,,,,,,,,,,,,,,,,,,,,,,,,,,,,,,,,,,,,,,,,,,,
102,FALSE,11,,,,喂～　你知道吗？听说卖盐的老王，上个月生了一场怪病，所有大夫都说没得医了，结果你猜怎么着？,Dialogue`103,,,,,,,,,,,,,,,,,,,,,,,,,,,,,,,,,,,,,,,,,,,,,,,,
103,FALSE,10,,,,怎么了？老王还活着好好的啊！,Dialogue`104,,,,,,,,,,,,,,,,,,,,,,,,,,,,,,,,,,,,,,,,,,,,,,,,
104,FALSE,11,,,,那是他的儿子小虎跑到"仙灵岛"上，死求活求的，结果岛上的仙女给他一颗仙丹，老王吃了仙丹，病马上好了一大半．,Dialogue`105,,,,,,,,,,,,,,,,,,,,,,,,,,,,,,,,,,,,,,,,,,,,,,,,
105,FALSE,10,,,,真有这种新鲜事？　呵～看不出来，小虎子还真行哪．,UIPanel`BasicPanel,RoleState`11_1,,,,,,,,,,,,,,,,,,,,,,,,,,,,,,,,,,,,,,,,,,,,,,,
106,FALSE,11,,,,常言道．．好人有好命而且老王平日一向乐善好施应该说是老天有眼．．,,,,,,,,,,,,,,,,,,,,,,,,,,,,,,,,,,,,,,,,,,,,,,,,,
107,FALSE,12,,,,咕．．咕．．快快吃，快快长大喔．．,,,,,,,,,,,,,,,,,,,,,,,,,,,,,,,,,,,,,,,,,,,,,,,,,
108,FALSE,13,,,,啊～逍遥，你来的正好过来帮帮我吧．．,Dialogue`109,,,,,,,,,,,,,,,,,,,,,,,,,,,,,,,,,,,,,,,,,,,,,,,,
109,FALSE,0,Normal,,,喔．．林师父，对不起啦我家里头还有事，帮不了您了,UIPanel`BasicPanel,RoleState`13_1,,,,,,,,,,,,,,,,,,,,,,,,,,,,,,,,,,,,,,,,,,,,,,,
110,FALSE,13,,,,唉．．你们这些年青人真是的村子里的围篱破了这么大一个洞也没人管，还得我这把老骨头动手来修,Dialogue`111,,,,,,,,,,,,,,,,,,,,,,,,,,,,,,,,,,,,,,,,,,,,,,,,
111,FALSE,0,Normal,,,林师父的木工手艺是咱们这镇上最在行的，这种事只要您出马就搞定了,UIPanel`BasicPanel,RoleState`13_2,,,,,,,,,,,,,,,,,,,,,,,,,,,,,,,,,,,,,,,,,,,,,,,
112,FALSE,13,,,,就会耍嘴皮子．．,UIPanel`BasicPanel,RoleState`13_3,,,,,,,,,,,,,,,,,,,,,,,,,,,,,,,,,,,,,,,,,,,,,,,
113,FALSE,13,,,,去！去！不想帮忙就给我站一边去别老是在这儿碍手碍脚的,,,,,,,,,,,,,,,,,,,,,,,,,,,,,,,,,,,,,,,,,,,,,,,,,
114,FALSE,14,,,,小李子、志气高%想学剑仙登云霄%日上三竿不觉醒%天天梦里乐陶陶。,Dialogue`115,,,,,,,,,,,,,,,,,,,,,,,,,,,,,,,,,,,,,,,,,,,,,,,,
115,FALSE,0,Normal,,,你们三个小鬼竟敢编歌来笑我！,Dialogue`116,,,,,,,,,,,,,,,,,,,,,,,,,,,,,,,,,,,,,,,,,,,,,,,,
116,FALSE,14,,,,呵呵！这是我哥教我的全村的孩童都会唱呢！,UIPanel`BasicPanel,RoleState`14_1,,,,,,,,,,,,,,,,,,,,,,,,,,,,,,,,,,,,,,,,,,,,,,,
117,FALSE,14,,,,吕洞宾，乘风飘%肩背龙剑斩群妖%悲心救苦传妙道%至今万古姓名标。,Dialogue`118,,,,,,,,,,,,,,,,,,,,,,,,,,,,,,,,,,,,,,,,,,,,,,,,
118,FALSE,14,,,,韩湘子，品玉箫%志学修行家室抛%雪拥蓝关难行马%曾度文公上九霄。,UIPanel`BasicPanel,RoleState`14_2,,,,,,,,,,,,,,,,,,,,,,,,,,,,,,,,,,,,,,,,,,,,,,,
119,FALSE,14,,,,曹国舅，爱逍遥%不恋荣华卸锦袍%世上万般修行好%手执云阳仙板敲。,Dialogue`120,,,,,,,,,,,,,,,,,,,,,,,,,,,,,,,,,,,,,,,,,,,,,,,,
120,FALSE,14,,,,李铁拐，相咆哮%黑脸浓眉腿又跷%虔心修炼长生法%挂拐登云蔼蔼飘。,UIPanel`BasicPanel,RoleState`14_3,,,,,,,,,,,,,,,,,,,,,,,,,,,,,,,,,,,,,,,,,,,,,,,
121,FALSE,14,,,,汉钟离，性儿矫%识透人情事态枭%终南山上修妙道%列位仙班道行高。,Dialogue`122,,,,,,,,,,,,,,,,,,,,,,,,,,,,,,,,,,,,,,,,,,,,,,,,
122,FALSE,14,,,,何仙姑，容貌娇%懒伴红尘愿寂寥%苦志真修千百载%也归仙界乐逍遥。,UIPanel`BasicPanel,RoleState`14_4,,,,,,,,,,,,,,,,,,,,,,,,,,,,,,,,,,,,,,,,,,,,,,,
123,FALSE,14,,,,蓝采和，年纪小%最爱修行却富饶%名山修炼成真果%使执棕篮驾海潮。,Dialogue`124,,,,,,,,,,,,,,,,,,,,,,,,,,,,,,,,,,,,,,,,,,,,,,,,
124,FALSE,14,,,,张果老，年纪高%须发苍苍两鬓萧%倒骑驴子呵呵笑%竟把繁华世界抛。,UIPanel`BasicPanel,RoleState`14_5,,,,,,,,,,,,,,,,,,,,,,,,,,,,,,,,,,,,,,,,,,,,,,,
125,FALSE,14,,,,嘻．．哈．．,,,,,,,,,,,,,,,,,,,,,,,,,,,,,,,,,,,,,,,,,,,,,,,,,
126,FALSE,15,,,,年青人应该勤快些，可别学人好吃懒做！,UIPanel`BasicPanel,RoleState`15_1,,,,,,,,,,,,,,,,,,,,,,,,,,,,,,,,,,,,,,,,,,,,,,,
127,FALSE,15,,,,李大娘也真辛苦，守这么多年寡，自己一个人经营这间客栈还把你一手带大，你啊～应该好好孝顺她！,Dialogue`128,,,,,,,,,,,,,,,,,,,,,,,,,,,,,,,,,,,,,,,,,,,,,,,,
128,FALSE,0,,,,是～丁伯伯，我知道啦．,UIPanel`BasicPanel,RoleState`15_2,,,,,,,,,,,,,,,,,,,,,,,,,,,,,,,,,,,,,,,,,,,,,,,
129,FALSE,15,,,,不是我爱说你，你也这么大了还整天不正经似的，该找份工作，老老实实的做人才对,,,,,,,,,,,,,,,,,,,,,,,,,,,,,,,,,,,,,,,,,,,,,,,,,
130,FALSE,16,Normal,,,李家哥哥．．早安～我．．我想．．,Dialogue`131,,,,,,,,,,,,,,,,,,,,,,,,,,,,,,,,,,,,,,,,,,,,,,,,
131,FALSE,0,Normal,,,哦？什么事．．说啊！,Dialogue`132,,,,,,,,,,,,,,,,,,,,,,,,,,,,,,,,,,,,,,,,,,,,,,,,
132,FALSE,16,Normal,,,没．．没什么．．,,,,,,,,,,,,,,,,,,,,,,,,,,,,,,,,,,,,,,,,,,,,,,,,,
133,FALSE,17,Normal,,,李大哥今天怎么起的这么早啊,Dialogue`134,,,,,,,,,,,,,,,,,,,,,,,,,,,,,,,,,,,,,,,,,,,,,,,,
134,FALSE,0,Normal,,,啊．．早，秀兰妹子今天这么早就在帮丁伯伯挑水浇菜呀．,Dialogue`135,,,,,,,,,,,,,,,,,,,,,,,,,,,,,,,,,,,,,,,,,,,,,,,,
135,FALSE,17,Normal,,,可不是嘛．．谁能像你这么闲我大姊今天天没亮就起了个早烧了一大锅甜粥，也不知道是弄给谁吃的？,Dialogue`136,,,,,,,,,,,,,,,,,,,,,,,,,,,,,,,,,,,,,,,,,,,,,,,,
136,FALSE,17,Normal,,,等一下我有件东西要送给你你等会再来找我拿,UIPanel`BasicPanel,RoleState`17_1,RoleState`16_1,,,,,,,,,,,,,,,,,,,,,,,,,,,,,,,,,,,,,,,,,,,,,,
137,FALSE,17,Normal,,,李大哥．．早～,,,,,,,,,,,,,,,,,,,,,,,,,,,,,,,,,,,,,,,,,,,,,,,,,
138,FALSE,16,Normal,,,李家哥哥，我．．我在家里熬了一锅腊八粥你和李大娘要是有空，晚饭后就过来一趟吧，尝尝我的手艺,Dialogue`139,,,,,,,,,,,,,,,,,,,,,,,,,,,,,,,,,,,,,,,,,,,,,,,,
139,FALSE,0,Normal,,,好呀．．当然．．香兰姐煮的点心是出了名的，我婶婶说啊．．上回吃了你请的红豆汤，嘴巴直甜到现在呢,UIPanel`BasicPanel,RoleState`16_2,RoleState`17_2,,,,,,,,,,,,,,,,,,,,,,,,,,,,,,,,,,,,,,,,,,,,,,
140,FALSE,16,Normal,,,嘻．．一定要来喔！,,,,,,,,,,,,,,,,,,,,,,,,,,,,,,,,,,,,,,,,,,,,,,,,,
141,FALSE,17,Normal,,,这么急着要哪．．嘻嘻！你看．．这件是我亲手缝制的布靴，你穿看看合不合你的脚？,Dialogue`142,ItemAdd`19,,,,,,,,,,,,,,,,,,,,,,,,,,,,,,,,,,,,,,,,,,,,,,,
142,FALSE,0,Normal,,,哦！谢谢你,UIPanel`BasicPanel,RoleState`15_3,RoleState`17_3,,,,,,,,,,,,,,,,,,,,,,,,,,,,,,,,,,,,,,,,,,,,,,
143,FALSE,17,Normal,,,你不可以跟我爹爹和我姊姊说我替你缝制布靴的事喔．．,UIPanel`BasicPanel,RoleState`16_3,,,,,,,,,,,,,,,,,,,,,,,,,,,,,,,,,,,,,,,,,,,,,,,
144,FALSE,16,Normal,,,咦？家里的麻布袋怎么少了一个该不是被猫儿叼走了吧！,UIPanel`BasicPanel,RoleState`16_2,,,,,,,,,,,,,,,,,,,,,,,,,,,,,,,,,,,,,,,,,,,,,,,
145,FALSE,15,,,,你别老是来勾引我那两个丫头我可是只有这两个女儿！,Dialogue`146,,,,,,,,,,,,,,,,,,,,,,,,,,,,,,,,,,,,,,,,,,,,,,,,
146,FALSE,0,Normal,,,我没有哇！丁伯伯．．你可别老来糊涂了是你那两个宝贝女儿常常来巴结我和我婶婶．,UIPanel`BasicPanel,RoleState`15_4,,,,,,,,,,,,,,,,,,,,,,,,,,,,,,,,,,,,,,,,,,,,,,,
147,FALSE,15,,,,唉～我也懒得说你们了．．,,,,,,,,,,,,,,,,,,,,,,,,,,,,,,,,,,,,,,,,,,,,,,,,,
148,FALSE,18,Normal,,,王小虎：逍遥哥哥！你今天再带我去树林里去找鸟窝，好不好吗,Dialogue`149,,,,,,,,,,,,,,,,,,,,,,,,,,,,,,,,,,,,,,,,,,,,,,,,
149,FALSE,0,Normal,,,小虎子，大哥哥还有事要忙今天不能带你去啰．．,Dialogue`150,,,,,,,,,,,,,,,,,,,,,,,,,,,,,,,,,,,,,,,,,,,,,,,,
150,FALSE,18,Normal,,,呜．．好可惜喔那明天．．明天你要带我去喔！,Dialogue`151,,,,,,,,,,,,,,,,,,,,,,,,,,,,,,,,,,,,,,,,,,,,,,,,
151,FALSE,0,Normal,,,呵．．再说啦,UIPanel`BasicPanel,RoleState`18_1,,,,,,,,,,,,,,,,,,,,,,,,,,,,,,,,,,,,,,,,,,,,,,,
152,FALSE,18,Normal,,,明天你一定要带我去玩不可以赖皮喔！,Dialogue`153,,,,,,,,,,,,,,,,,,,,,,,,,,,,,,,,,,,,,,,,,,,,,,,,
153,FALSE,0,Normal,,,好啦，好啦，你去玩你的吧！,,,,,,,,,,,,,,,,,,,,,,,,,,,,,,,,,,,,,,,,,,,,,,,,,
154,FALSE,19,,,,哦～逍遥老弟．．你有没有看到我们家小虎子啊,UIPanel`BasicPanel,RoleState`19_1,,,,,,,,,,,,,,,,,,,,,,,,,,,,,,,,,,,,,,,,,,,,,,,
155,FALSE,19,,,,这孩子又不知跑到哪里玩去了这么晚了还不知道要回来,UIPanel`BasicPanel,RoleState`19_0,,,,,,,,,,,,,,,,,,,,,,,,,,,,,,,,,,,,,,,,,,,,,,,
156,FALSE,20,,,,怎么了？你没病没痛的干嘛要抓药．．,,,,,,,,,,,,,,,,,,,,,,,,,,,,,,,,,,,,,,,,,,,,,,,,,
157,FALSE,21,,,,你也来买药吗？,,,,,,,,,,,,,,,,,,,,,,,,,,,,,,,,,,,,,,,,,,,,,,,,,
158,FALSE,22,,,,传说～当年观音菩萨经过仙灵岛，见那岛上地气灵秀，宛然神仙洞府，便与侍香龙女留在那里修行，凡人千万冒犯不得,UIPanel`BasicPanel,RoleState`22_1,,,,,,,,,,,,,,,,,,,,,,,,,,,,,,,,,,,,,,,,,,,,,,,
159,FALSE,22,,,,可是那仙灵岛四周险礁暗流密布，岛上又有奇石密林环绕，有人好不容易上了岛，却像似走进了迷阵内，无论怎么绕也找不到通往岛内的通道,UIPanel`BasicPanel,RoleState`22_2,,,,,,,,,,,,,,,,,,,,,,,,,,,,,,,,,,,,,,,,,,,,,,,
160,FALSE,22,,,,呵呵．．还听说有人曾在仙灵岛上看过一名美若天仙的青衣少女，手持玉瓶与宝剑从天而降，想必就是侍香龙女吧．．,UIPanel`BasicPanel,Dialogue`161,,,,,,,,,,,,,,,,,,,,,,,,,,,,,,,,,,,,,,,,,,,,,,,
161,FALSE,22,,,,呵呵．．我活这么一大把年纪也没见过神仙长什么模样呢！,UIPanel`BasicPanel,RoleState`22_3,,,,,,,,,,,,,,,,,,,,,,,,,,,,,,,,,,,,,,,,,,,,,,,
162,FALSE,22,,,,嘘．．别把鱼儿吓跑了,,,,,,,,,,,,,,,,,,,,,,,,,,,,,,,,,,,,,,,,,,,,,,,,,
163,FALSE,23,,,,小李子啊！你也老大不小了还不找份正经的活儿做做，整天吊儿啷当、无所事事地成何体统。,Dialogue`164,,,,,,,,,,,,,,,,,,,,,,,,,,,,,,,,,,,,,,,,,,,,,,,,
164,FALSE,0,Normal,,,学你做杀猪、卖猪肉？我才不干．．！,Dialogue`165,,,,,,,,,,,,,,,,,,,,,,,,,,,,,,,,,,,,,,,,,,,,,,,,
165,FALSE,23,,,,说这什么话！？杀猪也是正当行业呢,UIPanel`BasicPanel,RoleState`23_1,,,,,,,,,,,,,,,,,,,,,,,,,,,,,,,,,,,,,,,,,,,,,,,
166,FALSE,23,,,,卖猪肉喔～纯种的黑毛猪！?,,,,,,,,,,,,,,,,,,,,,,,,,,,,,,,,,,,,,,,,,,,,,,,,,
167,FALSE,24,,,,嘿！小李子又跑出来闲逛啊？客栈里没事情做吗？,,,,,,,,,,,,,,,,,,,,,,,,,,,,,,,,,,,,,,,,,,,,,,,,,
168,FALSE,25,,,,来喔！这儿全都是今儿个刚摘下来的新鲜水果要不要来几个啊？,Dialogue`169,,,,,,,,,,,,,,,,,,,,,,,,,,,,,,,,,,,,,,,,,,,,,,,,
169,FALSE,0,Normal,,,多少钱一斤？,Dialogue`170,,,,,,,,,,,,,,,,,,,,,,,,,,,,,,,,,,,,,,,,,,,,,,,,
170,FALSE,25,,,,老顾客了，算你一斤２５文钱,,,,,,,,,,,,,,,,,,,,,,,,,,,,,,,,,,,,,,,,,,,,,,,,,
171,FALSE,26,,,,呦．．买虾吗？这两天风浪太大了些，船家们都捕不到鱼货，所以新鲜的虾也没得买啦．．,UIPanel`BasicPanel,RoleState`26_1,,,,,,,,,,,,,,,,,,,,,,,,,,,,,,,,,,,,,,,,,,,,,,,
172,FALSE,26,,,,怎么样？买条鱼回去煮汤吧。刚钓上来的喔！很新鲜呢,,,,,,,,,,,,,,,,,,,,,,,,,,,,,,,,,,,,,,,,,,,,,,,,,
173,FALSE,27,,,,小李子！你看看人家王家的小虎子，为了父亲的病远赴仙灵岛求仙丹，孝心可嘉啊！,Dialogue`174,,,,,,,,,,,,,,,,,,,,,,,,,,,,,,,,,,,,,,,,,,,,,,,,
174,FALSE,0,Normal,,,这有啥了不起？要是我婶婶也遇到这种事，我也会去！,UIPanel`BasicPanel,RoleState`27_1,,,,,,,,,,,,,,,,,,,,,,,,,,,,,,,,,,,,,,,,,,,,,,,
175,FALSE,27,,,,我常提醒老王说～上了年纪的人要多吃青菜、少沾油腻他不信。现在大病了一场，改吃起全素来了。,,,,,,,,,,,,,,,,,,,,,,,,,,,,,,,,,,,,,,,,,,,,,,,,,
176,FALSE,28,,,,肉包、菜包、叉烧包、豆沙包、莲蓉包、大烧包应有尽有。,Dialogue`177,,,,,,,,,,,,,,,,,,,,,,,,,,,,,,,,,,,,,,,,,,,,,,,,
177,FALSE,28,,,,小哥哥，要不要带几个回去给你婶婶吃啊？,Dialogue`178,,,,,,,,,,,,,,,,,,,,,,,,,,,,,,,,,,,,,,,,,,,,,,,,
178,FALSE,0,Normal,,,不用啦，我婶婶自己做的包子比你卖的还好吃,UIPanel`BasicPanel,RoleState`28_1,,,,,,,,,,,,,,,,,,,,,,,,,,,,,,,,,,,,,,,,,,,,,,,
179,FALSE,28,,,,肉包、菜包、叉烧包、豆沙包、莲蓉包、大烧包．．．,,,,,,,,,,,,,,,,,,,,,,,,,,,,,,,,,,,,,,,,,,,,,,,,,
180,FALSE,29,,,,真是奇怪了，怎么最近这个酱的生意那么难做呢？,Dialogue`181,,,,,,,,,,,,,,,,,,,,,,,,,,,,,,,,,,,,,,,,,,,,,,,,
181,FALSE,0,Normal,,,嗯．．我看看．．,Dialogue`182,,,,,,,,,,,,,,,,,,,,,,,,,,,,,,,,,,,,,,,,,,,,,,,,
182,FALSE,0,Normal,,,苏伯伯！　你这些酱有股酸味，恐怕是没腌好吧难怪会卖不出去,Dialogue`183,,,,,,,,,,,,,,,,,,,,,,,,,,,,,,,,,,,,,,,,,,,,,,,,
183,FALSE,29,,,,真的啊！　我怎么闻不出来？,UIPanel`BasicPanel,RoleState`29_1,,,,,,,,,,,,,,,,,,,,,,,,,,,,,,,,,,,,,,,,,,,,,,,
184,FALSE,29,,,,呜．．这些酱全都不能卖了,,,,,,,,,,,,,,,,,,,,,,,,,,,,,,,,,,,,,,,,,,,,,,,,,
185,FALSE,30,Normal,,,这两天风浪太大了勉强出海打渔，结果一条鱼也没捞到，真是晦气！,,,,,,,,,,,,,,,,,,,,,,,,,,,,,,,,,,,,,,,,,,,,,,,,,
186,FALSE,31,,RoleRotate`31_2,,小李子！我跟你讲呀．．昨儿个我出海时看到东边岛上有一位好美丽的仙女喔！可惜我一上岸，就不见踪影了,Dialogue`187,,,,,,,,,,,,,,,,,,,,,,,,,,,,,,,,,,,,,,,,,,,,,,,,
187,FALSE,0,Normal,,,少盖了．．北村的大脚婆你不也是成天夸她漂亮,Dialogue`188,,,,,,,,,,,,,,,,,,,,,,,,,,,,,,,,,,,,,,,,,,,,,,,,
188,FALSE,31,,,,这．．我这次是说真的！我这一辈子从没见过那么美的姑娘．．,Dialogue`189,,,,,,,,,,,,,,,,,,,,,,,,,,,,,,,,,,,,,,,,,,,,,,,,
189,FALSE,0,Normal,,,哈哈．．水生叔．．我看你是想讨老婆想疯了,UIPanel`BasicPanel,RoleState`30_1,GOSwitch`True_YuHang/YuHangDock0/EventTrigger1,,,,,,,,,,,,,,,,,,,,,,,,,,,,,,,,,,,,,,,,,,,,,,
190,FALSE,31,,,,是真的！东边的仙灵岛上真的有仙女住在那里，我亲眼看见的！,,,,,,,,,,,,,,,,,,,,,,,,,,,,,,,,,,,,,,,,,,,,,,,,,
191,FALSE,30,Normal,RoleRotate`30_3,,少听他们吹牛，我也到过那仙灵岛，哪有什么仙女？,Dialogue`192,,,,,,,,,,,,,,,,,,,,,,,,,,,,,,,,,,,,,,,,,,,,,,,,
192,FALSE,30,Normal,,,只有一个又老又丑的凶肥婆看到我二话不说，就把我赶了出来！,Dialogue`193,,,,,,,,,,,,,,,,,,,,,,,,,,,,,,,,,,,,,,,,,,,,,,,,
193,FALSE,0,Normal,,,你们该不是见鬼了吧？那荒岛上怎么会有人．．,UIPanel`BasicPanel,RoleState`30_2,RoleState`17_17,RoleState`10_2,RoleState`6_5,RoleState`7_4,RoleState`8_4,RoleState`20_1,RoleState`18_2,RoleState`5_7,GOSwitch`True_YuHang/YuHangInnRoom/EventTrigger1,GOSwitch`True_YuHang/YuHang/EventTrigger1,GOSwitch`False_YuHang/YuHangInnRoom/Food1,,,,,,,,,,,,,,,,,,,,,,,,,,,,,,,,,,,,
194,FALSE,30,Normal,,,逍遥老弟，店里没事吗？你不回去帮忙，还在这闲逛要是给李大娘知道了，你一定挨骂的,UIPanel`BasicPanel,RoleState`30_3,,,,,,,,,,,,,,,,,,,,,,,,,,,,,,,,,,,,,,,,,,,,,,,
195,FALSE,30,Normal,,,老天保佑．．保佑我今天出海能打到鱼，再这么下去，一家老小都要喝西北风了．．,,,,,,,,,,,,,,,,,,,,,,,,,,,,,,,,,,,,,,,,,,,,,,,,,
196,FALSE,32,,,,呵～这不是小李子吗．要不要再到我的船运行来帮忙啊？,Dialogue`197,,,,,,,,,,,,,,,,,,,,,,,,,,,,,,,,,,,,,,,,,,,,,,,,
197,FALSE,0,Normal,,,不了．．才那么一点工钱每天又要搬这么多的货，太累了，我才不想干呢．．,Dialogue`198,,,,,,,,,,,,,,,,,,,,,,,,,,,,,,,,,,,,,,,,,,,,,,,,
198,FALSE,32,,,,那么．．我加你工钱！我这艘船要载货到苏州城只是运一些绸缎，很轻松的．,Dialogue`199,,,,,,,,,,,,,,,,,,,,,,,,,,,,,,,,,,,,,,,,,,,,,,,,
199,FALSE,0,Normal,,,呵．．再说啦！等我有兴趣时再来找你吧,UIPanel`BasicPanel,RoleState`32_1,,,,,,,,,,,,,,,,,,,,,,,,,,,,,,,,,,,,,,,,,,,,,,,
200,FALSE,32,,,,唉．．现在的年青人都怕吃苦没人肯当船夫，这下子．．船开不了，生意也甭作了．,,,,,,,,,,,,,,,,,,,,,,,,,,,,,,,,,,,,,,,,,,,,,,,,,
201,FALSE,33,,,,我有一个故事你想要听吗？,Dialogue`202,,,,,,,,,,,,,,,,,,,,,,,,,,,,,,,,,,,,,,,,,,,,,,,,
202,FALSE,33,,,,你相不相信老夫就是十多年前叱咤江南的名捕，人称铁臂神鹰的皇甫英？,Dialogue`203,,,,,,,,,,,,,,,,,,,,,,,,,,,,,,,,,,,,,,,,,,,,,,,,
203,FALSE,33,,,,哈哈～好小子！终于有人相信我说的话了,Dialogue`204,,,,,,,,,,,,,,,,,,,,,,,,,,,,,,,,,,,,,,,,,,,,,,,,
204,FALSE,33,,,,小伙子～不是老夫在吹牛十二年前，老夫曾亲手擒服四大恶人中的东江虎－游天霸、西淫鼠－司马无忧、北神偷－,Dialogue`205,,,,,,,,,,,,,,,,,,,,,,,,,,,,,,,,,,,,,,,,,,,,,,,,
205,FALSE,33,,,,钱无通。这铁臂神英的封号就是当时的皇上亲口御封的,Dialogue`206,,,,,,,,,,,,,,,,,,,,,,,,,,,,,,,,,,,,,,,,,,,,,,,,
206,FALSE,33,,,,唉．．可是．．老夫在追捕南盗侠李三思时却犯下这一生最大的错误．．使得老夫自此退隐江湖,Dialogue`207,,,,,,,,,,,,,,,,,,,,,,,,,,,,,,,,,,,,,,,,,,,,,,,,
207,FALSE,0,Normal,,,哦！是什么事情这么严重？,Dialogue`208,,,,,,,,,,,,,,,,,,,,,,,,,,,,,,,,,,,,,,,,,,,,,,,,
208,FALSE,33,,,,说来就惭愧．．老夫不但数次败在南盗侠夫妇的手下，还欠下他们一份永远无法还的恩情,Dialogue`209,,,,,,,,,,,,,,,,,,,,,,,,,,,,,,,,,,,,,,,,,,,,,,,,
209,FALSE,33,,,,老夫为了练烈鹰毒爪，长期用断肠草汁液浸泡十指，却因而毒入及腑藏而不自知,Dialogue`210,,,,,,,,,,,,,,,,,,,,,,,,,,,,,,,,,,,,,,,,,,,,,,,,
210,FALSE,33,,,,直到当时老夫性命垂危之际李三思夫妇却不计前嫌，远赴苗疆，从苗人那里偷来一颗毒龙胆解了我的毒,Dialogue`211,,,,,,,,,,,,,,,,,,,,,,,,,,,,,,,,,,,,,,,,,,,,,,,,
211,FALSE,33,,,,虽然．．我捡回一条命但一身武功也废了．．,Dialogue`212,,,,,,,,,,,,,,,,,,,,,,,,,,,,,,,,,,,,,,,,,,,,,,,,
212,FALSE,33,,,,当我想到要报答他们夫妇时却听说盗侠夫妇已双双亡故年幼的儿子也不知所踪,Dialogue`213,,,,,,,,,,,,,,,,,,,,,,,,,,,,,,,,,,,,,,,,,,,,,,,,
213,FALSE,33,,,,而且～据说盗侠夫妇是因为盗走苗人的圣物而被诅咒所以才会突然暴毙的,UIPanel`BasicPanel,RoleState`33_1,,,,,,,,,,,,,,,,,,,,,,,,,,,,,,,,,,,,,,,,,,,,,,,
214,FALSE,33,,,,咦．．小伙子，我怎么越看你越觉得～你跟南盗侠有几分神似哩！,UIPanel`BasicPanel,RoleState`33_2,,,,,,,,,,,,,,,,,,,,,,,,,,,,,,,,,,,,,,,,,,,,,,,
215,FALSE,33,,,,呵．．怎么可能嘛，不要放在心上，大概是我老眼昏花看错了。,,,,,,,,,,,,,,,,,,,,,,,,,,,,,,,,,,,,,,,,,,,,,,,,,
216,FALSE,33,,,,啧．．那就算了,,,,,,,,,,,,,,,,,,,,,,,,,,,,,,,,,,,,,,,,,,,,,,,,,
217,FALSE,34,,,,啊～　请随便坐,,,,,,,,,,,,,,,,,,,,,,,,,,,,,,,,,,,,,,,,,,,,,,,,,
218,FALSE,35,,,,林师父出去修十里坡山下的围篱，很晚才会回来,,,,,,,,,,,,,,,,,,,,,,,,,,,,,,,,,,,,,,,,,,,,,,,,,
219,FALSE,36,,,,要买什么就自个儿挑吧．．,UIPanel`TradePanel,,,,,,,,,,,,,,,,,,,,,,,,,,,,,,,,,,,,,,,,,,,,,,,,
220,FALSE,16,Normal,RoleTransfer`16_6.75_0_17.05_0,,不好了！不好了！李家哥哥．．李．．李大娘．．她．．,Dialogue`221,,,,,,,,,,,,,,,,,,,,,,,,,,,,,,,,,,,,,,,,,,,,,,,,
221,FALSE,0,Normal,,,我婶婶怎么了？,Dialogue`222,,,,,,,,,,,,,,,,,,,,,,,,,,,,,,,,,,,,,,,,,,,,,,,,
222,FALSE,16,Normal,BGPlay`-1,,你出门没多久．．李大娘就突然昏倒了！洪大夫请你赶快回去一趟,Dialogue`223,,,,,,,,,,,,,,,,,,,,,,,,,,,,,,,,,,,,,,,,,,,,,,,,
223,FALSE,0,Normal,,,婶婶怎么会．．好．．我马上回去！,UIPanel`BasicPanel,BGPlay`2,RoleState`16_4,,,,,,,,,,,,,,,,,,,,,,,,,,,,,,,,,,,,,,,,,,,,,,
224,FALSE,16,Normal,,,李家哥哥！赶快回去吧李大娘的病似乎很严重呢,,,,,,,,,,,,,,,,,,,,,,,,,,,,,,,,,,,,,,,,,,,,,,,,,
225,FALSE,17,Normal,,,听大姊说～李大娘病了是真的吗？有没有我可以帮得上忙的？,Dialogue`226,,,,,,,,,,,,,,,,,,,,,,,,,,,,,,,,,,,,,,,,,,,,,,,,
226,FALSE,17,Normal,,,唉呀．．怎么会这样子呢,UIPanel`BasicPanel,RoleState`17_4,,,,,,,,,,,,,,,,,,,,,,,,,,,,,,,,,,,,,,,,,,,,,,,
227,FALSE,17,Normal,,,李大娘的病严不严重啊？,,,,,,,,,,,,,,,,,,,,,,,,,,,,,,,,,,,,,,,,,,,,,,,,,
228,FALSE,10,,,,我看呐～李大娘准是累出病来的！,UIPanel`BasicPanel,RoleState`10_3,,,,,,,,,,,,,,,,,,,,,,,,,,,,,,,,,,,,,,,,,,,,,,,
229,FALSE,10,,,,唉～　为谁辛苦为谁忙劳碌命喔．．,,,,,,,,,,,,,,,,,,,,,,,,,,,,,,,,,,,,,,,,,,,,,,,,,
230,FALSE,8,,,,听说老板娘病了是吗？,UIPanel`BasicPanel,RoleState`8_9,,,,,,,,,,,,,,,,,,,,,,,,,,,,,,,,,,,,,,,,,,,,,,,
231,FALSE,8,,,,这下可不妙了．．方圆十里内也只有这间客栈，咱们的晚上去哪儿吃喝？,,,,,,,,,,,,,,,,,,,,,,,,,,,,,,,,,,,,,,,,,,,,,,,,,
232,FALSE,7,,,,汉人的草药也不是什么病都能医的。还是咱们苗人的巫术比较厉害，咱们苗疆有个拜月教听说他们有使死人复活的法术,,,,,,,,,,,,,,,,,,,,,,,,,,,,,,,,,,,,,,,,,,,,,,,,,
233,FALSE,20,,RoleRotate`20_2,,你跑哪去了？你婶婶病倒了你知不知道！,Dialogue`234,,,,,,,,,,,,,,,,,,,,,,,,,,,,,,,,,,,,,,,,,,,,,,,,
234,FALSE,0,Normal,,,是．．我婶婶怎么会突然病倒呢？我出门的时候，她还好好的啊,Dialogue`235,,,,,,,,,,,,,,,,,,,,,,,,,,,,,,,,,,,,,,,,,,,,,,,,
235,FALSE,20,,,,你婶婶的病已经拖很久了只是她一直瞒着你．．,Dialogue`236,,,,,,,,,,,,,,,,,,,,,,,,,,,,,,,,,,,,,,,,,,,,,,,,
236,FALSE,0,Normal,,,那．．严不严重？求求你，大夫～花多少钱都没关系，请你一定要医好她．．,Dialogue`237,,,,,,,,,,,,,,,,,,,,,,,,,,,,,,,,,,,,,,,,,,,,,,,,
237,FALSE,20,,,,唉～久病未医，加上操劳过度恐怕．．没指望了。,Dialogue`238,,,,,,,,,,,,,,,,,,,,,,,,,,,,,,,,,,,,,,,,,,,,,,,,
238,FALSE,0,Normal,,,啊！不会的，求求你！大夫你一定要救我婶婶！,Dialogue`239,,,,,,,,,,,,,,,,,,,,,,,,,,,,,,,,,,,,,,,,,,,,,,,,
239,FALSE,20,,,,我开副药试试，但也只能略尽人事了，你等会到我的药铺来抓药吧．．,UIPanel`BasicPanel,RoleState`20_2,RoleState`16_6,,,,,,,,,,,,,,,,,,,,,,,,,,,,,,,,,,,,,,,,,,,,,,
240,FALSE,20,,,,我这儿还留有一颗上好的灵芝看在老邻居的份上就送给你吧不过这药只能补补元气，李大娘的病，恕我爱莫能助．．,UIPanel`BasicPanel,RoleState`20_0,ItemAdd`44,,,,,,,,,,,,,,,,,,,,,,,,,,,,,,,,,,,,,,,,,,,,,,
241,FALSE,20,,,,还想要抓那些药方？,UIPanel`TradePanel,,,,,,,,,,,,,,,,,,,,,,,,,,,,,,,,,,,,,,,,,,,,,,,,
242,FALSE,0,Normal,RoleRotate`18_2,,小虎子．．是你去请洪大夫过来的吗？,Dialogue`243,,,,,,,,,,,,,,,,,,,,,,,,,,,,,,,,,,,,,,,,,,,,,,,,
243,FALSE,18,Normal,,,是的～逍遥哥哥！我到你家来就看到李大娘倒在厨房内，我就赶快跑去叫洪大夫来,Dialogue`244,,,,,,,,,,,,,,,,,,,,,,,,,,,,,,,,,,,,,,,,,,,,,,,,
244,FALSE,0,Normal,,,谢谢你，小虎子！,Dialogue`245,,,,,,,,,,,,,,,,,,,,,,,,,,,,,,,,,,,,,,,,,,,,,,,,
245,FALSE,18,Normal,,,你看～李大娘会不会有事呀？,Dialogue`246,,,,,,,,,,,,,,,,,,,,,,,,,,,,,,,,,,,,,,,,,,,,,,,,
246,FALSE,0,Normal,,,小虎子，你当真曾在岛上向神仙求得灵药，治好你爹的病？,Dialogue`247,,,,,,,,,,,,,,,,,,,,,,,,,,,,,,,,,,,,,,,,,,,,,,,,
247,FALSE,18,Normal,,,对呀．．逍遥哥哥！你也可以到"仙灵岛"求药仙女姐姐给的丹药真的很灵,Dialogue`248,,,,,,,,,,,,,,,,,,,,,,,,,,,,,,,,,,,,,,,,,,,,,,,,
248,FALSE,0,Normal,,,　　　仙女？,Dialogue`249,,,,,,,,,,,,,,,,,,,,,,,,,,,,,,,,,,,,,,,,,,,,,,,,
249,FALSE,18,Normal,,,我没骗你，那个仙女姐姐长得好漂亮喔，心肠又好好喔．．,Dialogue`250,,,,,,,,,,,,,,,,,,,,,,,,,,,,,,,,,,,,,,,,,,,,,,,,
250,FALSE,0,Normal,,,谢谢你告诉我这些．．我想上仙灵岛一趟，我婶婶能不能麻烦你照顾,Dialogue`251,,,,,,,,,,,,,,,,,,,,,,,,,,,,,,,,,,,,,,,,,,,,,,,,
251,FALSE,18,Normal,,,好！没问题！,UIPanel`BasicPanel,RoleState`18_3,RoleState`6_6,GOSwitch`True_YuHang/YuHangInn/EventTrigger2,,,,,,,,,,,,,,,,,,,,,,,,,,,,,,,,,,,,,,,,,,,,,
252,FALSE,18,Normal,,,不过最近老天爷在生气风浪大得紧，出海很危险呢,UIPanel`BasicPanel,RoleState`18_4,,,,,,,,,,,,,,,,,,,,,,,,,,,,,,,,,,,,,,,,,,,,,,,
253,FALSE,18,Normal,,,希望李大娘平安无事，不然以后就吃不到她包的粽子了,,,,,,,,,,,,,,,,,,,,,,,,,,,,,,,,,,,,,,,,,,,,,,,,,
254,FALSE,0,Normal,,,我．．自小失了爹娘，还不全靠婶婶一手把我拉拔长大婶婶也只有我这一个亲人我一定要想办法找人医好她,Dialogue`255,,,,,,,,,,,,,,,,,,,,,,,,,,,,,,,,,,,,,,,,,,,,,,,,
255,FALSE,0,Normal,,,可是．．连洪大夫都说没救了我．．我该怎么办？,UIPanel`BasicPanel,RoleState`5_8,,,,,,,,,,,,,,,,,,,,,,,,,,,,,,,,,,,,,,,,,,,,,,,
256,FALSE,6,Normal,,,呵呵～你们汉人的书上有句话%　"树欲静而风不止"%　　"子欲养而亲不待"．．%可真是至理名言哪～,Dialogue`257,,,,,,,,,,,,,,,,,,,,,,,,,,,,,,,,,,,,,,,,,,,,,,,,
257,FALSE,0,Normal,,,我．．我绝不会让我婶婶死掉就算拼了命也要想办法医好她,Dialogue`258,,,,,,,,,,,,,,,,,,,,,,,,,,,,,,,,,,,,,,,,,,,,,,,,
258,FALSE,6,Normal,,,哈哈！难得你有这份孝心大慈大悲的菩萨一定也会被你感动的．．,Dialogue`259,,,,,,,,,,,,,,,,,,,,,,,,,,,,,,,,,,,,,,,,,,,,,,,,
259,FALSE,0,Normal,,,菩萨．．？,Dialogue`260,,,,,,,,,,,,,,,,,,,,,,,,,,,,,,,,,,,,,,,,,,,,,,,,
260,FALSE,6,Normal,,,你不是想上仙灵岛求仙药吗？但．．没有仙缘的人，是无法通过岛上的仙法禁制的,Dialogue`261,,,,,,,,,,,,,,,,,,,,,,,,,,,,,,,,,,,,,,,,,,,,,,,,
261,FALSE,0,Normal,,,是！是！恳请大爷指点,Dialogue`262,,,,,,,,,,,,,,,,,,,,,,,,,,,,,,,,,,,,,,,,,,,,,,,,
262,FALSE,6,Normal,,,仙灵岛中央有座"水月宫"，此处有一班精于炼制丹药的仙姑居于宫内，但是宫外有仙法所设下的迷阵，凡人若无邪法妖术,Dialogue`263,,,,,,,,,,,,,,,,,,,,,,,,,,,,,,,,,,,,,,,,,,,,,,,,
263,FALSE,6,Normal,,,并不会被其中的机关所伤，但是若无法破去阵眼，任你花上一辈子也找不到水月宫所在,Dialogue`264,,,,,,,,,,,,,,,,,,,,,,,,,,,,,,,,,,,,,,,,,,,,,,,,
264,FALSE,0,Normal,,,那我该如何是好？,Dialogue`265,,,,,,,,,,,,,,,,,,,,,,,,,,,,,,,,,,,,,,,,,,,,,,,,
265,FALSE,6,Normal,,,阵中有六具阿修罗神像，你用这"破天锤"将这些石像逐一敲碎，在迷阵的中央便会出现一块"发亮的石板",Dialogue`266,,,,,,,,,,,,,,,,,,,,,,,,,,,,,,,,,,,,,,,,,,,,,,,,
266,FALSE,6,Normal,,,届时你只要往石板上一踏通路自会浮现,Dialogue`267,,,,,,,,,,,,,,,,,,,,,,,,,,,,,,,,,,,,,,,,,,,,,,,,
267,FALSE,0,Normal,,,　你··怎么知道的？,Dialogue`268,,,,,,,,,,,,,,,,,,,,,,,,,,,,,,,,,,,,,,,,,,,,,,,,
268,FALSE,6,Normal,,,我是看你一片孝心，才泄漏这天机，你切勿自失良机,Dialogue`269,,,,,,,,,,,,,,,,,,,,,,,,,,,,,,,,,,,,,,,,,,,,,,,,
269,FALSE,6,Normal,,,对了．．　我这里有一颗丹丸服下它，可以保你不受仙灵岛上的瘴气所侵．．,Dialogue`270,,,,,,,,,,,,,,,,,,,,,,,,,,,,,,,,,,,,,,,,,,,,,,,,
270,FALSE,0,Normal,,,　　瘴气？,Dialogue`271,,,,,,,,,,,,,,,,,,,,,,,,,,,,,,,,,,,,,,,,,,,,,,,,
271,FALSE,6,Normal,,,照我的话做就对了难道你不想救你婶婶吗？,Dialogue`272,,,,,,,,,,,,,,,,,,,,,,,,,,,,,,,,,,,,,,,,,,,,,,,,
272,FALSE,0,Normal,,,好！　我相信你,Dialogue`273,,,,,,,,,,,,,,,,,,,,,,,,,,,,,,,,,,,,,,,,,,,,,,,,
273,TRUE,,,ItemAdd`25,,李逍遥收下破天锤，并服下苗人给的丹丸（忘忧散）,UIPanel`BasicPanel,RoleState`6_7,RoleState`18_4,RoleState`16_5,RoleState`31_2,RoleState`30_4,RoleState`1_1,,,,,,,,,,,,,,,,,,,,,,,,,,,,,,,,,,,,,,,,,,
274,FALSE,6,Normal,,,加油吧．．我等你的好消息,,,,,,,,,,,,,,,,,,,,,,,,,,,,,,,,,,,,,,,,,,,,,,,,,
275,FALSE,16,Normal,,,怎么了，李大娘好点了没？,,,,,,,,,,,,,,,,,,,,,,,,,,,,,,,,,,,,,,,,,,,,,,,,,
276,FALSE,0,Normal,,,水生叔！救人如救火！劳您驾带我上仙灵岛吧！,Dialogue`277,,,,,,,,,,,,,,,,,,,,,,,,,,,,,,,,,,,,,,,,,,,,,,,,
277,FALSE,31,,,,啥！风浪这么大，你不要命了是不是？昨儿个为了贪看仙女船险些翻了，我可不敢再去！,UIPanel`BasicPanel,RoleState`31_3,,,,,,,,,,,,,,,,,,,,,,,,,,,,,,,,,,,,,,,,,,,,,,,
278,FALSE,0,Normal,,,水生叔～求求您．．您是这一带经验最老到的渔夫您不行，那还有谁能行呢？,Dialogue`279,,,,,,,,,,,,,,,,,,,,,,,,,,,,,,,,,,,,,,,,,,,,,,,,
279,FALSE,31,,,,不行就是不行！你找别人吧！,UIPanel`BasicPanel,RoleState`31_4,,,,,,,,,,,,,,,,,,,,,,,,,,,,,,,,,,,,,,,,,,,,,,,
280,FALSE,30,Normal,,,你想出海？这可不是闹着玩的我是到过仙灵岛没错，但是现在的天色也不早了，到了晚上风浪还会更大的．．,Dialogue`281,,,,,,,,,,,,,,,,,,,,,,,,,,,,,,,,,,,,,,,,,,,,,,,,
281,FALSE,0,Normal,,,张四哥～请你无论如何要帮我这个忙，要救我婶婶的命只有这个法子了,Dialogue`282,,,,,,,,,,,,,,,,,,,,,,,,,,,,,,,,,,,,,,,,,,,,,,,,
282,FALSE,30,Normal,,,这．．．．．好吧！我试试看李大娘平日待人还不错，我想老天应该也会可怜好人吧,Dialogue`283,GOSwitch`True_YuHang/YuHangDock0/EventTrigger2,RoleState`30_5,,,,,,,,,,,,,,,,,,,,,,,,,,,,,,,,,,,,,,,,,,,,,,
283,FALSE,30,Normal,,,走吧～上船！,,,,,,,,,,,,,,,,,,,,,,,,,,,,,,,,,,,,,,,,,,,,,,,,,
284,FALSE,0,Normal,,,谢谢啦．．,Dialogue`285,,,,,,,,,,,,,,,,,,,,,,,,,,,,,,,,,,,,,,,,,,,,,,,,
285,FALSE,30,Normal,,,总算靠岸了。逍遥老弟，你可要早去早回啊，可千万别迷路我在这里看船，不陪你进去了,UIPanel`BasicPanel,,,,,,,,,,,,,,,,,,,,,,,,,,,,,,,,,,,,,,,,,,,,,,,,
286,FALSE,30,Normal,,,怎么了，找到菩萨娘娘了吗？,UIPanel`BasicPanel,RoleState`30_7,,,,,,,,,,,,,,,,,,,,,,,,,,,,,,,,,,,,,,,,,,,,,,,
287,FALSE,30,Normal,,,加油啊！我这有帖止血疗伤的药，你带着或许用的上,UIPanel`BasicPanel,RoleState`30_8,ItemAdd`29_3,,,,,,,,,,,,,,,,,,,,,,,,,,,,,,,,,,,,,,,,,,,,,,
288,FALSE,30,Normal,,,我看～咱们还是回去算了．．那些仙女啦～仙药啦，也许是村里那些三姑六婆捏造出来的,Dialogue`289,,,,,,,,,,,,,,,,,,,,,,,,,,,,,,,,,,,,,,,,,,,,,,,,
289,FALSE,0,Normal,,,不！我绝不放弃．．,,,,,,,,,,,,,,,,,,,,,,,,,,,,,,,,,,,,,,,,,,,,,,,,,
290,FALSE,0,Normal,RoleRotate`0_3,ItemAdd`25_-1,仙．．灵．．洞天！？,,,,,,,,,,,,,,,,,,,,,,,,,,,,,,,,,,,,,,,,,,,,,,,,,
291,TRUE,,,,,一股力量将李逍遥挡了回来,Dialogue`292,RoleTransfer`0_110_0_57.85,,,,,,,,,,,,,,,,,,,,,,,,,,,,,,,,,,,,,,,,,,,,,,,
292,FALSE,0,Normal,,,　？　？　？,,,,,,,,,,,,,,,,,,,,,,,,,,,,,,,,,,,,,,,,,,,,,,,,,
293,FALSE,0,Normal,,,咦？　怎么会有女孩子的衣裳,Dialogue`294,BGPlay`-1,,,,,,,,,,,,,,,,,,,,,,,,,,,,,,,,,,,,,,,,,,,,,,,
294,FALSE,0,Normal,,,难道．．．．,SoundEffects`Shower,CameraMove`3_105.7_5_64.44_295,SpecialAnim`0_Fascinate_True,,,,,,,,,,,,,,,,,,,,,,,,,,,,,,,,,,,,,,,,,,,,,,
295,FALSE,0,Normal,,,这种地方，如此貌美的姑娘，莫非真的让我遇上了仙女,CameraMove2Leader`3_296,,,,,,,,,,,,,,,,,,,,,,,,,,,,,,,,,,,,,,,,,,,,,,,,
296,FALSE,0,Normal,SpecialAnim`0_Fascinate_False_False,,嘿．．　有了！,CameraMove`2_105.7_5_64.44_297,SpecialAnim`1_Fascinate_False_False,BGPlay`5,,,,,,,,,,,,,,,,,,,,,,,,,,,,,,,,,,,,,,,,,,,,,,
297,FALSE,,,,,嗯～？,CameraMove2Leader`2_298,SpecialAnim`0_Hide_True,SpecialAnim`1_GetUp_False_False,RoleTransfer`1_104.63_0_54.23,GOSwitch`False_YuHang/XianLingIslandPool/Device0,,,,,,,,,,,,,,,,,,,,,,,,,,,,,,,,,,,,,,,,,,,,
298,FALSE,1,,,,咦．．我的衣服呢？,SpecialAnim`0_Lure_False_False,Dialogue`299,CameraFollow`True,,,,,,,,,,,,,,,,,,,,,,,,,,,,,,,,,,,,,,,,,,,,,,
299,FALSE,0,Normal,,,你在找这东西吗？,SpecialAnim`1_Avoid_False_False,Dialogue`300,,,,,,,,,,,,,,,,,,,,,,,,,,,,,,,,,,,,,,,,,,,,,,,
300,FALSE,1,,,,．．你．．你是谁！？,SpecialAnim`0_Lure_False_False,Dialogue`301,,,,,,,,,,,,,,,,,,,,,,,,,,,,,,,,,,,,,,,,,,,,,,,
301,FALSE,0,Normal,,,我是谁你不用管，只要仙女姐姐赐给我一颗仙丹，我就把衣裳还给你。,Dialogue`302,,,,,,,,,,,,,,,,,,,,,,,,,,,,,,,,,,,,,,,,,,,,,,,,
302,FALSE,1,,,,仙丹．．？！那是我师父的遗物不可以随便给别人,Dialogue`303,,,,,,,,,,,,,,,,,,,,,,,,,,,,,,,,,,,,,,,,,,,,,,,,
303,FALSE,0,Normal,,,那～你就要光着身子回家啰！,Dialogue`304,,,,,,,,,,,,,,,,,,,,,,,,,,,,,,,,,,,,,,,,,,,,,,,,
304,FALSE,1,,,,好．．好嘛～　我答应你，可是．．你先把衣服还我！,Dialogue`305,RoleRotate`0_3,,,,,,,,,,,,,,,,,,,,,,,,,,,,,,,,,,,,,,,,,,,,,,,
305,FALSE,0,Normal,,,真的！？,Dialogue`306,SpecialAnim`1_Avoid_True,,,,,,,,,,,,,,,,,,,,,,,,,,,,,,,,,,,,,,,,,,,,,,,
306,FALSE,1,,,,啊～！！你不要看！,Dialogue`307,RoleRotate`0_2,,,,,,,,,,,,,,,,,,,,,,,,,,,,,,,,,,,,,,,,,,,,,,,
307,FALSE,0,Normal,,,是、我没看见！,Dialogue`308,SpecialAnim`1_AcrossChest_True,,,,,,,,,,,,,,,,,,,,,,,,,,,,,,,,,,,,,,,,,,,,,,,
308,FALSE,1,,,,你．．你把我的衣服放着走到五丈．．不！十丈外，等我穿好衣服才可以回来,Dialogue`309,,,,,,,,,,,,,,,,,,,,,,,,,,,,,,,,,,,,,,,,,,,,,,,,
309,FALSE,1,,,,不许回头看喔！,Dialogue`310,GOSwitch`True_YuHang/XianLingIslandPool/Cloth,,,,,,,,,,,,,,,,,,,,,,,,,,,,,,,,,,,,,,,,,,,,,,,
310,FALSE,0,Normal,,,是的．．我走。你答应过的喔，真的要给我仙丹,Dialogue`311,RoleTransfer`0_99.81_0_56.85,RoleState`1_12,GOSwitch`False_YuHang/XianLingIslandPool/Cloth,,,,,,,,,,,,,,,,,,,,,,,,,,,,,,,,,,,,,,,,,,,,,
311,FALSE,0,Normal,,,仙女姐姐！我可以回头了吗？,Dialogue`312,GOSwitch`True_YuHang/XianLingIslandPool/EventTrigger1,,,,,,,,,,,,,,,,,,,,,,,,,,,,,,,,,,,,,,,,,,,,,,,
312,FALSE,0,Normal,,,仙女．．．．？,UIPanel`BasicPanel,RoleRotate`0_3,,,,,,,,,,,,,,,,,,,,,,,,,,,,,,,,,,,,,,,,,,,,,,,
313,FALSE,0,Normal,,,咦？　．．人呢？,Dialogue`314,BGPlay`-1,GOSwitch`True_YuHang/XianLingIslandPool/Thunder1,,,,,,,,,,,,,,,,,,,,,,,,,,,,,,,,,,,,,,,,,,,,,,
314,FALSE,0,Normal,,,怎么～突然打起雷了？！,Dialogue`315,GOSwitch`True_YuHang/XianLingIslandPool/Thunder0,,,,,,,,,,,,,,,,,,,,,,,,,,,,,,,,,,,,,,,,,,,,,,,
315,FALSE,0,Normal,RoleTransfer`0_103.2_0_55.6_2,,哇．．这！？,Dialogue`316,RoleTransfer`0_103.656_0_56.063,SpecialAnim`0_GetUp_True,RoleTransfer`1_103_0_56.4,SpecialAnim`1_Chide_False_True,GOSwitch`True_YuHang/XianLingIslandPool/Thunder2,,,,,,,,,,,,,,,,,,,,,,,,,,,,,,,,,,,,,,,,,,,
316,FALSE,0,Normal,,,雷公饶命啊！下次不敢了！,Dialogue`317,,,,,,,,,,,,,,,,,,,,,,,,,,,,,,,,,,,,,,,,,,,,,,,,
317,FALSE,1,Normal,,,你．．你好不要脸！怎么可以．．可以．．。,Dialogue`318,,,,,,,,,,,,,,,,,,,,,,,,,,,,,,,,,,,,,,,,,,,,,,,,
318,FALSE,1,Normal,,,你到底是谁？你为何来此？,Dialogue`319,RoleRotate`0_2,,,,,,,,,,,,,,,,,,,,,,,,,,,,,,,,,,,,,,,,,,,,,,,
319,FALSE,0,Normal,,,哗．．你果然是仙女！,Dialogue`320,SpecialAnim`0_Knee_True,GOSwitch`True_YuHang/XianLingIslandPool/Thunder3,,,,,,,,,,,,,,,,,,,,,,,,,,,,,,,,,,,,,,,,,,,,,,
320,FALSE,0,Normal,,,　哇～仙女饶命！,Dialogue`321,,,,,,,,,,,,,,,,,,,,,,,,,,,,,,,,,,,,,,,,,,,,,,,,
321,FALSE,1,Normal,,,从实招来！　不然．．不然．．我劈死你这淫贼！,Dialogue`322,,,,,,,,,,,,,,,,,,,,,,,,,,,,,,,,,,,,,,,,,,,,,,,,
322,FALSE,0,Normal,,,不不不！　杀生不好%杀了人会下地狱。仙女姐姐最温柔、最可爱、最心地善良,Dialogue`323,,,,,,,,,,,,,,,,,,,,,,,,,,,,,,,,,,,,,,,,,,,,,,,,
323,FALSE,0,Normal,,,要不是小的婶婶患了重病，命在旦夕，小的为了求仙丹灵药医治婶婶，才出此下策。,Dialogue`324,,,,,,,,,,,,,,,,,,,,,,,,,,,,,,,,,,,,,,,,,,,,,,,,
324,FALSE,0,Normal,,,只要仙女姐姐愿意大发慈悲救我婶婶一命，小的愿意一死，保全仙女姐姐的名节。,Dialogue`325,,,,,,,,,,,,,,,,,,,,,,,,,,,,,,,,,,,,,,,,,,,,,,,,
325,FALSE,1,Normal,,,这么说．．．%你是为了救你的亲人？,Dialogue`326,,,,,,,,,,,,,,,,,,,,,,,,,,,,,,,,,,,,,,,,,,,,,,,,
326,FALSE,0,Normal,,,是是．．小的听人说仙灵岛上大慈大悲的仙女，有起死回生的仙丹灵药，所以～,Dialogue`327,,,,,,,,,,,,,,,,,,,,,,,,,,,,,,,,,,,,,,,,,,,,,,,,
327,FALSE,1,Normal,BGPlay`6,SpecialAnim`1_Drop_False_False,你．．婶婶对你很好啰？,Dialogue`328,,,,,,,,,,,,,,,,,,,,,,,,,,,,,,,,,,,,,,,,,,,,,,,,
328,FALSE,0,Normal,,,犹如亲生爹娘！,Dialogue`329,,,,,,,,,,,,,,,,,,,,,,,,,,,,,,,,,,,,,,,,,,,,,,,,
329,FALSE,1,Normal,,,那．．你爹娘呢？,Dialogue`330,,,,,,,,,,,,,,,,,,,,,,,,,,,,,,,,,,,,,,,,,,,,,,,,
330,FALSE,0,Normal,,,我．．我从小就没有爹娘是婶婶一手把我带大的．．,Dialogue`331,,,,,,,,,,,,,,,,,,,,,,,,,,,,,,,,,,,,,,,,,,,,,,,,
331,FALSE,1,Normal,RoleRotate`1_3,,原来．．你和我一样．．,Dialogue`332,,,,,,,,,,,,,,,,,,,,,,,,,,,,,,,,,,,,,,,,,,,,,,,,
332,FALSE,1,Normal,,,好吧．．．你跟我来～,UIPanel`BasicPanel,RoleState`1_11,GOSwitch`False_YuHang/XianLingIslandPool/Wall0,GOSwitch`False_YuHang/XianLingIslandPool/EventTrigger3,,,,,,,,,,,,,,,,,,,,,,,,,,,,,,,,,,,,,,,,,,,,,
333,FALSE,1,Normal,RoleRotate`1_1,,好极了，姥姥正好不在%你跟我进去拿药吧。,Dialogue`334,,,,,,,,,,,,,,,,,,,,,,,,,,,,,,,,,,,,,,,,,,,,,,,,
334,FALSE,0,Normal,RoleRotate`1_0,,要．．去见观音娘娘吗？,Dialogue`335,,,,,,,,,,,,,,,,,,,,,,,,,,,,,,,,,,,,,,,,,,,,,,,,
335,FALSE,1,Normal,RoleRotate`1_1,,呵呵！才不是呢！想拿药还不快点，我姥姥最讨厌外人了，等她回来就拿不成了。,UIPanel`BasicPanel,RoleState`1_2,,,,,,,,,,,,,,,,,,,,,,,,,,,,,,,,,,,,,,,,,,,,,,,
336,FALSE,38,,,,您是少宫主的朋友吗？,UIPanel`BasicPanel,RoleState`38_1,,,,,,,,,,,,,,,,,,,,,,,,,,,,,,,,,,,,,,,,,,,,,,,
337,FALSE,38,,,,平常人是不容易进到水月宫来,,,,,,,,,,,,,,,,,,,,,,,,,,,,,,,,,,,,,,,,,,,,,,,,,
338,FALSE,39,,,,唉．．少宫主真是的%怎么可以让陌生人进来呢,UIPanel`BasicPanel,RoleState`39_1,,,,,,,,,,,,,,,,,,,,,,,,,,,,,,,,,,,,,,,,,,,,,,,
339,FALSE,39,,,,唉唉．．天意．．%水月宫近日必有凶劫,,,,,,,,,,,,,,,,,,,,,,,,,,,,,,,,,,,,,,,,,,,,,,,,,
340,FALSE,40,,,,善哉．．善哉．．%水月宫乃清修之地，不欢迎外%人，施主取药后就请马上离开,,,,,,,,,,,,,,,,,,,,,,,,,,,,,,,,,,,,,,,,,,,,,,,,,
341,FALSE,41,,,,好久没见到少宫主这么开心了%少宫主自幼就在水月宫里长大%从来都没有一个玩伴，也怪可怜的．．,,,,,,,,,,,,,,,,,,,,,,,,,,,,,,,,,,,,,,,,,,,,,,,,,
342,FALSE,0,Normal,,,哇．．好清澈的泉水,Dialogue`343,HPAdd`0_999,,,,,,,,,,,,,,,,,,,,,,,,,,,,,,,,,,,,,,,,,,,,,,,
343,TRUE,,,,,"""李逍遥饮下一口灵池中的泉水只觉得疲痨一扫而空精神饱满""",,,,,,,,,,,,,,,,,,,,,,,,,,,,,,,,,,,,,,,,,,,,,,,,,
344,FALSE,1,Normal,ItemAdd`26,,让你婶婶服下这颗"紫金丹"，再睡上几个时辰就会好起来的,Dialogue`345,,,,,,,,,,,,,,,,,,,,,,,,,,,,,,,,,,,,,,,,,,,,,,,,
345,FALSE,0,Normal,,,仙女姊姊的大恩大德，我．．我真不知该如何报答。,Dialogue`346,,,,,,,,,,,,,,,,,,,,,,,,,,,,,,,,,,,,,,,,,,,,,,,,
346,FALSE,1,Normal,,,嘻嘻嘻．．！%你真的以为我是仙女？,Dialogue`347,,,,,,,,,,,,,,,,,,,,,,,,,,,,,,,,,,,,,,,,,,,,,,,,
347,FALSE,0,Normal,,,难道．．你．．%你是菩萨娘娘！！,Dialogue`348,,,,,,,,,,,,,,,,,,,,,,,,,,,,,,,,,,,,,,,,,,,,,,,,
348,FALSE,1,Normal,,,呵呵～怎么可能嘛～%我可是有名字的，不要一直%仙女、菩萨的这样叫人家,Dialogue`349,,,,,,,,,,,,,,,,,,,,,,,,,,,,,,,,,,,,,,,,,,,,,,,,
349,FALSE,0,Normal,,,那～姑娘的芳名是？,Dialogue`350,,,,,,,,,,,,,,,,,,,,,,,,,,,,,,,,,,,,,,,,,,,,,,,,
350,FALSE,1,Normal,,,我叫赵灵儿～你呢？,Dialogue`351,RoleState`1_3,,,,,,,,,,,,,,,,,,,,,,,,,,,,,,,,,,,,,,,,,,,,,,,
351,FALSE,0,Normal,,,敝姓李，名逍遥,Dialogue`352,,,,,,,,,,,,,,,,,,,,,,,,,,,,,,,,,,,,,,,,,,,,,,,,
352,FALSE,1,Normal,,,刚才你好笨喔～只用一点%小法术就把你吓得团团转%喂．．你几岁啦？,Dialogue`353,,,,,,,,,,,,,,,,,,,,,,,,,,,,,,,,,,,,,,,,,,,,,,,,
353,FALSE,0,Normal,,,我今年十九。,Dialogue`354,,,,,,,,,,,,,,,,,,,,,,,,,,,,,,,,,,,,,,,,,,,,,,,,
354,FALSE,1,Normal,,,你还比我大三岁哩！%那．．你应该比较知道%外头有什么新鲜好玩的？,Dialogue`355,,,,,,,,,,,,,,,,,,,,,,,,,,,,,,,,,,,,,,,,,,,,,,,,
355,FALSE,0,Normal,,,啊．．这．．,Dialogue`356,,,,,,,,,,,,,,,,,,,,,,,,,,,,,,,,,,,,,,,,,,,,,,,,
356,FALSE,1,Normal,,,说给我听嘛～人家已经不是小孩子了，姥姥还是不许我到外头去，每天在宫内修炼都快闷死了。,Dialogue`357,,,,,,,,,,,,,,,,,,,,,,,,,,,,,,,,,,,,,,,,,,,,,,,,
357,FALSE,0,Normal,,,那．．下回有机会我再陪你到城里头逛逛庙会,Dialogue`358,,,,,,,,,,,,,,,,,,,,,,,,,,,,,,,,,,,,,,,,,,,,,,,,
358,FALSE,1,Normal,,,嘻！你可不能赖皮喔．．%我们来打勾勾！,Dialogue`359,,,,,,,,,,,,,,,,,,,,,,,,,,,,,,,,,,,,,,,,,,,,,,,,
359,FALSE,0,Normal,,,好！打勾勾，赖皮的是小狗,UIPanel`BasicPanel,RoleState`1_3,RoleState`37_1,GOSwitch`True_YuHang/ShuiYueTemple/EventTrigger1,,,,,,,,,,,,,,,,,,,,,,,,,,,,,,,,,,,,,,,,,,,,,
360,FALSE,1,Normal,,,不许赖皮喔．．,,,,,,,,,,,,,,,,,,,,,,,,,,,,,,,,,,,,,,,,,,,,,,,,,
361,FALSE,37,Normal,RoleTransfer`0_119.37_0_77.62_1,RoleTransfer`37_118.86_0_77.3_0,小子！你怎么进来的？,Dialogue`362,,,,,,,,,,,,,,,,,,,,,,,,,,,,,,,,,,,,,,,,,,,,,,,,
362,FALSE,0,Normal,,,哇．．．我．．我．．。,Dialogue`363,,,,,,,,,,,,,,,,,,,,,,,,,,,,,,,,,,,,,,,,,,,,,,,,
363,FALSE,1,Normal,RoleTransfer`1_119.1_0_77.43_1,,姥姥～你不要为难他%他不是坏人．．,Dialogue`364,,,,,,,,,,,,,,,,,,,,,,,,,,,,,,,,,,,,,,,,,,,,,,,,
364,FALSE,37,Normal,,,你怎么知道他不是坏人？%灵儿！我告诉你多少次了%不可以让外人到岛上来,Dialogue`365,,,,,,,,,,,,,,,,,,,,,,,,,,,,,,,,,,,,,,,,,,,,,,,,
365,FALSE,1,Normal,,,可是～师父说过，百善孝为先%他为婶婶来此求药，他是好人,Dialogue`366,,,,,,,,,,,,,,,,,,,,,,,,,,,,,,,,,,,,,,,,,,,,,,,,
366,FALSE,37,Normal,,,外面的人心险恶，你一点也不%知道，你师父生前将你托付给%我，就是要我好好的保护你,Dialogue`367,,,,,,,,,,,,,,,,,,,,,,,,,,,,,,,,,,,,,,,,,,,,,,,,
367,FALSE,37,Normal,,,万一你有任何闪失，你叫老身%如何向你死去的师父和你爹娘%交待？,Dialogue`368,,,,,,,,,,,,,,,,,,,,,,,,,,,,,,,,,,,,,,,,,,,,,,,,
368,FALSE,1,Normal,,,可～可是．．他．．,Dialogue`369,,,,,,,,,,,,,,,,,,,,,,,,,,,,,,,,,,,,,,,,,,,,,,,,
369,FALSE,0,Normal,,,老婆婆．．请你不要责怪她%我马上离开这里就是了,Dialogue`370,,,,,,,,,,,,,,,,,,,,,,,,,,,,,,,,,,,,,,,,,,,,,,,,
370,FALSE,37,Normal,,,离开？！%水月宫岂能由你来去自如的！,Dialogue`371,SpecialAnim`37_Chide_True,,,,,,,,,,,,,,,,,,,,,,,,,,,,,,,,,,,,,,,,,,,,,,,
371,FALSE,37,Normal,,,　哼、留你不得！！,Dialogue`372,RoleTransfer`0_119.5_0_77.6,SpecialAnim`0_Lie_True,,,,,,,,,,,,,,,,,,,,,,,,,,,,,,,,,,,,,,,,,,,,,,
372,FALSE,0,Normal,,,　哇～　　妖怪．．．,Dialogue`373,,,,,,,,,,,,,,,,,,,,,,,,,,,,,,,,,,,,,,,,,,,,,,,,
373,FALSE,1,Normal,RoleTransfer`1_119.27_0_77.51,,　　　姥姥！　不要！！,Dialogue`374,,,,,,,,,,,,,,,,,,,,,,,,,,,,,,,,,,,,,,,,,,,,,,,,
374,FALSE,37,Normal,,,这小子能通过岛上迷阵进到这%里来，一旦放他回去，水月宫%的所在不就全都暴露了！,Dialogue`375,,,,,,,,,,,,,,,,,,,,,,,,,,,,,,,,,,,,,,,,,,,,,,,,
375,FALSE,1,Normal,,,是．．是人家带他进来的嘛～,Dialogue`376,,,,,,,,,,,,,,,,,,,,,,,,,,,,,,,,,,,,,,,,,,,,,,,,
376,FALSE,1,Normal,,,姥姥～人家他是来求药医治%亲人的病呢，您就放过他嘛～,Dialogue`377,,,,,,,,,,,,,,,,,,,,,,,,,,,,,,,,,,,,,,,,,,,,,,,,
377,FALSE,37,Normal,,,三言两语就把你骗住了！？,Dialogue`378,,,,,,,,,,,,,,,,,,,,,,,,,,,,,,,,,,,,,,,,,,,,,,,,
378,FALSE,37,Normal,,,你是怎么答应他的？,Dialogue`379,,,,,,,,,,,,,,,,,,,,,,,,,,,,,,,,,,,,,,,,,,,,,,,,
379,FALSE,1,Normal,,,因为．．他．．把人家的～,Dialogue`380,SpecialAnim`1_PutAway_True,,,,,,,,,,,,,,,,,,,,,,,,,,,,,,,,,,,,,,,,,,,,,,,
380,FALSE,1,Normal,,,人家的．．所以．．所以%人家才．．才答应他嘛～,Dialogue`381,,,,,,,,,,,,,,,,,,,,,,,,,,,,,,,,,,,,,,,,,,,,,,,,
381,FALSE,37,Normal,,,这小子对你做了什么！？,Dialogue`382,RoleTransfer`1_119.58_0_77.35,SpecialAnim`1_PutDown_True,,,,,,,,,,,,,,,,,,,,,,,,,,,,,,,,,,,,,,,,,,,,,,
382,FALSE,1,Normal,,,今天人家在灵池沐浴时他．．%他～　人家才答应．．说～,Dialogue`383,,,,,,,,,,,,,,,,,,,,,,,,,,,,,,,,,,,,,,,,,,,,,,,,
383,FALSE,37,Normal,,,混帐东西！！,Dialogue`384,RoleRotate`37_0,,,,,,,,,,,,,,,,,,,,,,,,,,,,,,,,,,,,,,,,,,,,,,,
384,FALSE,37,Normal,,,小子！你给我站起来！,Dialogue`385,RoleRotate`0_1,,,,,,,,,,,,,,,,,,,,,,,,,,,,,,,,,,,,,,,,,,,,,,,
385,FALSE,0,Normal,,,　　　　啊～是！,Dialogue`386,RoleRotate`37_1,,,,,,,,,,,,,,,,,,,,,,,,,,,,,,,,,,,,,,,,,,,,,,,
386,FALSE,37,Normal,,,你好大的狗胆哪！%竟敢欺负我宝贝的灵儿？,Dialogue`387,,,,,,,,,,,,,,,,,,,,,,,,,,,,,,,,,,,,,,,,,,,,,,,,
387,FALSE,0,Normal,,,那．．纯属意外．．意外！,Dialogue`388,,,,,,,,,,,,,,,,,,,,,,,,,,,,,,,,,,,,,,,,,,,,,,,,
388,FALSE,37,Normal,,,我给你两条路选！一是娶灵儿%为妻，永远不得离开仙灵岛。%二是～留下一双手一条舌头让%你永远无法说出水月宫的秘密,Dialogue`389,RoleTransfer`0_119.18_0_77.54,,,,,,,,,,,,,,,,,,,,,,,,,,,,,,,,,,,,,,,,,,,,,,,
389,FALSE,0,Normal,,,那～　没第三条路了吗？,Dialogue`390,RoleRotate`37_0,,,,,,,,,,,,,,,,,,,,,,,,,,,,,,,,,,,,,,,,,,,,,,,
390,FALSE,37,Normal,,,要我现在就吃了你也行！,Dialogue`391,,,,,,,,,,,,,,,,,,,,,,,,,,,,,,,,,,,,,,,,,,,,,,,,
391,FALSE,0,Normal,,,　我娶．．我娶！,BGPlay`7,RoleTransfer`0_125.73_0_80.77_3,RoleTransfer`1_125.42_0_81.04,SpecialAnim`1_Sigh_True,CameraMove`0_125.5_5_97.2_392,,,,,,,,,,,,,,,,,,,,,,,,,,,,,,,,,,,,,,,,,,,,
392,FALSE,0,Normal,,,我一定得想办法逃出去．．%你．．能不能帮我？,Dialogue`393,,,,,,,,,,,,,,,,,,,,,,,,,,,,,,,,,,,,,,,,,,,,,,,,
393,FALSE,1,Normal,,,那．．你还会不会再回来？,Dialogue`394,,,,,,,,,,,,,,,,,,,,,,,,,,,,,,,,,,,,,,,,,,,,,,,,
394,FALSE,0,Normal,,,开玩笑！？%要是跟一只会吃人的老妖怪住%在一起，有几条命也不够用！,Dialogue`395,,,,,,,,,,,,,,,,,,,,,,,,,,,,,,,,,,,,,,,,,,,,,,,,
395,FALSE,0,Normal,,,你呢？　你难道不会害怕吗？%如果你肯，我可以带你一起走,Dialogue`396,,,,,,,,,,,,,,,,,,,,,,,,,,,,,,,,,,,,,,,,,,,,,,,,
396,FALSE,1,Normal,,,不会啦～那是姥姥吓你的！%从小就是姥姥和师父把我带大%的。姥姥虽然有时看起来很凶,Dialogue`397,,,,,,,,,,,,,,,,,,,,,,,,,,,,,,,,,,,,,,,,,,,,,,,,
397,FALSE,1,Normal,,,但是．．只要你跟她相处久了%你会发现其实她对人很好,Dialogue`398,,,,,,,,,,,,,,,,,,,,,,,,,,,,,,,,,,,,,,,,,,,,,,,,
398,FALSE,0,Normal,,,不不．．我若不把灵药带回去%婶婶就活不成了,Dialogue`399,,,,,,,,,,,,,,,,,,,,,,,,,,,,,,,,,,,,,,,,,,,,,,,,
399,FALSE,0,Normal,,,况且～我还年轻%要我一辈子永远呆在这鬼地方%这一生不就玩完了？,Dialogue`400,,,,,,,,,,,,,,,,,,,,,,,,,,,,,,,,,,,,,,,,,,,,,,,,
400,FALSE,1,Normal,,,．．．．．．．．．,Dialogue`401,,,,,,,,,,,,,,,,,,,,,,,,,,,,,,,,,,,,,,,,,,,,,,,,
401,FALSE,1,Normal,,,明天．．是师父的忌辰%一大早姥姥会到师父坟前上香,Dialogue`402,,,,,,,,,,,,,,,,,,,,,,,,,,,,,,,,,,,,,,,,,,,,,,,,
402,FALSE,1,Normal,,,趁那时候一口气跑到海边%姥姥应该不会发现．．,Dialogue`403,RoleRotate`0_2,,,,,,,,,,,,,,,,,,,,,,,,,,,,,,,,,,,,,,,,,,,,,,,
403,FALSE,0,Normal,,,真的！？　太好了！,Dialogue`404,,,,,,,,,,,,,,,,,,,,,,,,,,,,,,,,,,,,,,,,,,,,,,,,
404,FALSE,0,Normal,,,谢谢～谢谢你！,Dialogue`405,SpecialAnim`0_Salute_True,,,,,,,,,,,,,,,,,,,,,,,,,,,,,,,,,,,,,,,,,,,,,,,
405,FALSE,0,Normal,,,大恩大德，我李逍遥永世不忘,Dialogue`406,,,,,,,,,,,,,,,,,,,,,,,,,,,,,,,,,,,,,,,,,,,,,,,,
406,FALSE,1,Normal,,,不忘．．．．！？,Dialogue`407,,,,,,,,,,,,,,,,,,,,,,,,,,,,,,,,,,,,,,,,,,,,,,,,
407,FALSE,1,Normal,SpecialAnim`1_Sigh_False_False,,既不回头　何必不忘%既然无缘　何须誓言%今日种种　似水无痕%明夕何夕　君已陌路．．．,Dialogue`408,,,,,,,,,,,,,,,,,,,,,,,,,,,,,,,,,,,,,,,,,,,,,,,,
408,TRUE,,,SpecialAnim`1_Cry_False_False,,赵灵儿说着说着就哭了起来,Dialogue`409,,,,,,,,,,,,,,,,,,,,,,,,,,,,,,,,,,,,,,,,,,,,,,,,
409,FALSE,0,Normal,RoleTransfer`0_125.6_0_81,SpecialAnim`0_Comfort_True,你不要这样嘛～　我．．%我既然答应说要娶你%就一定说话算话！,Dialogue`410,,,,,,,,,,,,,,,,,,,,,,,,,,,,,,,,,,,,,,,,,,,,,,,,
410,FALSE,0,Normal,,,等我婶婶病好了，我请她老人%家作主，正式上门来提亲！,Dialogue`411,SpecialAnim`1_Comfort_True,,,,,,,,,,,,,,,,,,,,,,,,,,,,,,,,,,,,,,,,,,,,,,,
411,FALSE,1,Normal,,,可当真．．？,Dialogue`412,SpecialAnim`0_Comfort_False_False,,,,,,,,,,,,,,,,,,,,,,,,,,,,,,,,,,,,,,,,,,,,,,,
412,FALSE,0,Normal,,,句句出自肺腑．．相信我,Dialogue`413,SpecialAnim`0_Hug_True,RoleTransfer`1_0_0_10000,,,,,,,,,,,,,,,,,,,,,,,,,,,,,,,,,,,,,,,,,,,,,,
413,TRUE,,,CameraFollow`True,TimeChange`YuHang_False,一夜过去．．,Dialogue`414,RoleTransfer`0_125.2_0_81.1_1,RoleTransfer`1_125.75_0_81.05,SpecialAnim`1_Sleep_True,,,,,,,,,,,,,,,,,,,,,,,,,,,,,,,,,,,,,,,,,,,,,
414,FALSE,1,Normal,TimeChange`YuHang_True,,逍遥哥哥．．．．,Dialogue`415,RoleRotate`0_3,SpecialAnim`1_Sleep_False_False,,,,,,,,,,,,,,,,,,,,,,,,,,,,,,,,,,,,,,,,,,,,,,
415,FALSE,0,Normal,,,天亮了．．我必须走了。,Dialogue`416,RoleTransfer`0_119.05_0_77.45_0,RoleState`1_4,RoleState`37_2,RoleState`38_2,RoleState`39_2,RoleState`40_1,RoleState`41_1,RoleState`42_1,RoleState`43_1,RoleState`30_10,GOSwitch`True_YuHang/XianLingIslandPool/EventTrigger2,,,,,,,,,,,,,,,,,,,,,,,,,,,,,,,,,,,,,
416,FALSE,0,Normal,,,灵儿～ 等我．．%我一定会尽快回来接你,Dialogue`417,,,,,,,,,,,,,,,,,,,,,,,,,,,,,,,,,,,,,,,,,,,,,,,,
417,FALSE,1,Normal,,,嗯～,Dialogue`418,,,,,,,,,,,,,,,,,,,,,,,,,,,,,,,,,,,,,,,,,,,,,,,,
418,FALSE,1,Normal,,,逍遥哥哥．．保重～,,,,,,,,,,,,,,,,,,,,,,,,,,,,,,,,,,,,,,,,,,,,,,,,,
419,FALSE,1,Normal,,,逍遥哥哥．．一路小心～,UIPanel`BasicPanel,RoleState`1_5,,,,,,,,,,,,,,,,,,,,,,,,,,,,,,,,,,,,,,,,,,,,,,,
420,FALSE,1,Normal,,,快走吧．．姥姥一会就回来了,,,,,,,,,,,,,,,,,,,,,,,,,,,,,,,,,,,,,,,,,,,,,,,,,
421,TRUE,,,,,墓碑上题字："恩师灵月之墓",,,,,,,,,,,,,,,,,,,,,,,,,,,,,,,,,,,,,,,,,,,,,,,,,
422,FALSE,,,,,今天是灵月宫主的祭日%老夫人特地前来上香,,,,,,,,,,,,,,,,,,,,,,,,,,,,,,,,,,,,,,,,,,,,,,,,,
423,FALSE,37,,,,唉～　阿玟．．,Dialogue`424,,,,,,,,,,,,,,,,,,,,,,,,,,,,,,,,,,,,,,,,,,,,,,,,
424,FALSE,37,,,,灵儿～这个月就满十六了%咱们两老盼了这久，总算是%盼到了这一天呀．．,Dialogue`425,,,,,,,,,,,,,,,,,,,,,,,,,,,,,,,,,,,,,,,,,,,,,,,,
425,FALSE,37,,,,只可惜．．你比老身先走一步%看不到这丫头出嫁的模样了,Dialogue`426,,,,,,,,,,,,,,,,,,,,,,,,,,,,,,,,,,,,,,,,,,,,,,,,
426,FALSE,37,,,,那个叫李逍遥的年青人．．%看来．．跟灵儿十分有缘%小俩口也很情投意合的样子%老身就擅自作主，凑合她们了,Dialogue`427,,,,,,,,,,,,,,,,,,,,,,,,,,,,,,,,,,,,,,,,,,,,,,,,
427,FALSE,37,,,,老身来日无多．．只盼日后～%她们二人能平平安安过日子%也不枉咱们这多年来的心血,UIPanel`BasicPanel,RoleState`37_4,,,,,,,,,,,,,,,,,,,,,,,,,,,,,,,,,,,,,,,,,,,,,,,
428,TRUE,,,,,姥姥全神贯注的在祭拜,,,,,,,,,,,,,,,,,,,,,,,,,,,,,,,,,,,,,,,,,,,,,,,,,
429,FALSE,30,Normal,,,哇～你这一去就是一天一夜%我差点就以为你回不来了！,Dialogue`430,,,,,,,,,,,,,,,,,,,,,,,,,,,,,,,,,,,,,,,,,,,,,,,,
430,FALSE,0,Normal,,,哈哈～福人自有福星照%我这一趟有非凡奇遇呢！,Dialogue`431,,,,,,,,,,,,,,,,,,,,,,,,,,,,,,,,,,,,,,,,,,,,,,,,
431,FALSE,30,Normal,,,哦！　你真的见到仙女了吗？,Dialogue`432,,,,,,,,,,,,,,,,,,,,,,,,,,,,,,,,,,,,,,,,,,,,,,,,
432,FALSE,0,Normal,,,嘿嘿．．可以说差不多啦！%不过老妖婆也遇上了，还好%灵药已经求到，咱们快回去吧,UIPanel`BasicPanel,BGPlay`8,RoleTransfer`0_21.55_0_23.2,RoleState`30_11,RoleState`26_2,RoleState`24_1,RoleState`31_5,RoleState`18_5,RoleState`5_9,RoleState`20_4,,,,,,,,,,,,,,,,,,,,,,,,,,,,,,,,,,,,,,,
433,FALSE,30,Normal,,,希望这求来的丹药真的灵验,UIPanel`BasicPanel,RoleState`30_12,,,,,,,,,,,,,,,,,,,,,,,,,,,,,,,,,,,,,,,,,,,,,,,
434,FALSE,30,Normal,,,希望明天是个好天气,,,,,,,,,,,,,,,,,,,,,,,,,,,,,,,,,,,,,,,,,,,,,,,,,
435,FALSE,26,,,,你们刚走不久，就有一个苗人%出了一大笔银子，租下水生叔%的船，水生叔一口就答应下来%这回不知又跑到哪喝花酒去了,UIPanel`BasicPanel,RoleState`26_3,,,,,,,,,,,,,,,,,,,,,,,,,,,,,,,,,,,,,,,,,,,,,,,
436,FALSE,,,,,这年头只要有钱，杀头的生意都有人干,,,,,,,,,,,,,,,,,,,,,,,,,,,,,,,,,,,,,,,,,,,,,,,,,
437,FALSE,16,Normal,,,怎么了，李大娘好点了没？,,,,,,,,,,,,,,,,,,,,,,,,,,,,,,,,,,,,,,,,,,,,,,,,,
438,TRUE,,,,,李大娘仍昏睡着．．,UIPanel`BasicPanel,RoleState`5_10,,,,,,,,,,,,,,,,,,,,,,,,,,,,,,,,,,,,,,,,,,,,,,,
439,TRUE,,,ItemAdd`26_-1,,李大娘服下紫金丹．．,Dialogue`440,,,,,,,,,,,,,,,,,,,,,,,,,,,,,,,,,,,,,,,,,,,,,,,,
440,FALSE,0,,,,怎．．怎么头昏昏的？,Dialogue`441,BGPlay`-1,RoleTransfer`0_3.6_0_3.39,SpecialAnim`0_GetUp_True,,,,,,,,,,,,,,,,,,,,,,,,,,,,,,,,,,,,,,,,,,,,,
441,TRUE,,,,,李逍遥先前服下的忘忧散发作，%昏倒在地．．,Dialogue`442,BGPlay`9,TimeChange`YuHang_False,RoleTransfer`5_4.06_0_3.08_2,,,,,,,,,,,,,,,,,,,,,,,,,,,,,,,,,,,,,,,,,,,,,
442,TRUE,,,,,夜晚．．,Dialogue`443,RoleState`6_8,RoleState`7_6,RoleState`8_5,RoleState`10_4,RoleState`11_2,RoleState`12_1,RoleState`13_4,RoleState`14_6,RoleState`15_5,RoleState`16_7,RoleState`17_5,RoleState`21_1,GOSwitch`True_YuHang/YuHangInn/EventTrigger4,GOSwitch`True_YuHang/YuHang/EventTrigger2,GOSwitch`False_YuHang/YuHang/Wall0,GOSwitch`True_YuHang/YuHang/Wall1,GOSwitch`False_YuHang/YuHang/Portal1,GOSwitch`False_YuHang/YuHang/Portal2,GOSwitch`False_YuHang/YuHang/Portal4,GOSwitch`False_YuHang/YuHang/Chicken,GOSwitch`False_YuHang/YuHang/Chicken-,GOSwitch`False_YuHang/YuHang/Chicken--,GOSwitch`False_YuHang/YuHang/Chicken---,GOSwitch`False_YuHang/YuHang/Chicken----,,,,,,,,,,,,,,,,,,,,,,,,
443,FALSE,5,Normal,,,逍遥！你不在自己房里睡%躺在这儿干嘛？,Dialogue`444,,,,,,,,,,,,,,,,,,,,,,,,,,,,,,,,,,,,,,,,,,,,,,,,
444,FALSE,0,Normal,,,唔．．．　我怎么会在这！？,Dialogue`445,RoleRotate`0_3,,,,,,,,,,,,,,,,,,,,,,,,,,,,,,,,,,,,,,,,,,,,,,,
445,FALSE,0,Normal,,,对了！婶婶．．%我有很重要的事要跟您说,Dialogue`446,,,,,,,,,,,,,,,,,,,,,,,,,,,,,,,,,,,,,,,,,,,,,,,,
446,FALSE,5,Normal,,,什么事？！,Dialogue`447,,,,,,,,,,,,,,,,,,,,,,,,,,,,,,,,,,,,,,,,,,,,,,,,
447,FALSE,0,Normal,,,是．．是．．%咦？怎么突然想不起来了%我明明．．明明．．．,Dialogue`448,,,,,,,,,,,,,,,,,,,,,,,,,,,,,,,,,,,,,,,,,,,,,,,,
448,TRUE,,,,,李逍遥从昨天出发到仙灵岛%至拿药回来的记忆全失去了,Dialogue`449,,,,,,,,,,,,,,,,,,,,,,,,,,,,,,,,,,,,,,,,,,,,,,,,
449,FALSE,5,Normal,,,我看你又是在作梦！%回房间睡觉去！,Dialogue`450,RoleTransfer`0_3.12_0_7.84,SpecialAnim`0_Pleasure_True,GOSwitch`True_YuHang/YuHangInn/EventTrigger3,,,,,,,,,,,,,,,,,,,,,,,,,,,,,,,,,,,,,,,,,,,,,
450,FALSE,0,Normal,,,奇怪．．好像有件很重要的事%就是想不起来．．？,Dialogue`451,SpecialAnim`0_Sit_True,,,,,,,,,,,,,,,,,,,,,,,,,,,,,,,,,,,,,,,,,,,,,,,
451,FALSE,0,Normal,,,哎呀．．差点给忘了！%那位讨酒喝的老道士说～%山神庙．．要教我剑法．．,Dialogue`452,RoleTransfer`0_2.96_0_7.69_1,,,,,,,,,,,,,,,,,,,,,,,,,,,,,,,,,,,,,,,,,,,,,,,
452,FALSE,0,Normal,,,反正睡不着，何不去会他一会？说不定我真的是遇到高人了,,,,,,,,,,,,,,,,,,,,,,,,,,,,,,,,,,,,,,,,,,,,,,,,,
453,TRUE,,,,,婶婶房里传来声音．．,Dialogue`454,,,,,,,,,,,,,,,,,,,,,,,,,,,,,,,,,,,,,,,,,,,,,,,,
454,FALSE,5,,,,是逍遥吗？　要去哪呀？%怎么这么晚了怎么还不睡啊？%你是不是又想溜出去鬼混哪？,Dialogue`455,,,,,,,,,,,,,,,,,,,,,,,,,,,,,,,,,,,,,,,,,,,,,,,,
455,FALSE,0,Normal,,,啊．．没事%我这就回房去了,UIPanel`BasicPanel,RoleTransfer`0_1.45_0_-16.3_2,,,,,,,,,,,,,,,,,,,,,,,,,,,,,,,,,,,,,,,,,,,,,,,
456,FALSE,6,Normal,,,小兄弟，求得灵药了吧？,Dialogue`457,,,,,,,,,,,,,,,,,,,,,,,,,,,,,,,,,,,,,,,,,,,,,,,,
457,FALSE,0,Normal,,,灵药！？　什么灵药？,Dialogue`458,,,,,,,,,,,,,,,,,,,,,,,,,,,,,,,,,,,,,,,,,,,,,,,,
458,FALSE,6,Normal,,,呵呵．．果然有效．．%对了！现在是什么时辰了,Dialogue`459,,,,,,,,,,,,,,,,,,,,,,,,,,,,,,,,,,,,,,,,,,,,,,,,
459,FALSE,0,Normal,,,哦．．三更天了,Dialogue`460,,,,,,,,,,,,,,,,,,,,,,,,,,,,,,,,,,,,,,,,,,,,,,,,
460,FALSE,6,Normal,,,嗯～是时候了,Dialogue`461,,,,,,,,,,,,,,,,,,,,,,,,,,,,,,,,,,,,,,,,,,,,,,,,
461,FALSE,6,Normal,,,小兄弟，我们现在有事要出去%一趟，明天一早才会回来，你%现在可以打烊，不必等我们了,Dialogue`462,RoleRotate`6_1,RoleRotate`7_1,RoleRotate`8_1,,,,,,,,,,,,,,,,,,,,,,,,,,,,,,,,,,,,,,,,,,,,,
462,FALSE,0,Normal,,,这么晚了，三位要上哪去呀？,Dialogue`463,,,,,,,,,,,,,,,,,,,,,,,,,,,,,,,,,,,,,,,,,,,,,,,,
463,FALSE,6,Normal,,,小兄弟．．少知道一些事情可以活久一点！,Dialogue`464,,,,,,,,,,,,,,,,,,,,,,,,,,,,,,,,,,,,,,,,,,,,,,,,
464,FALSE,6,Normal,,,要不是看你蛮听话的，昨天我就赏你一颗金蚕蛊啦！%哈．．哈．．哈～,Dialogue`465,RoleState`6_5,RoleState`7_7,RoleState`8_6,,,,,,,,,,,,,,,,,,,,,,,,,,,,,,,,,,,,,,,,,,,,,
465,FALSE,0,Normal,,,哼、装得神秘兮兮的．．%一定不是去干啥好事！,Dialogue`466,,,,,,,,,,,,,,,,,,,,,,,,,,,,,,,,,,,,,,,,,,,,,,,,
466,FALSE,0,Normal,,,算了！　客人的闲事少管．．,,,,,,,,,,,,,,,,,,,,,,,,,,,,,,,,,,,,,,,,,,,,,,,,,
467,TRUE,,,,,半夜三更的，菜市场早打烊了,,,,,,,,,,,,,,,,,,,,,,,,,,,,,,,,,,,,,,,,,,,,,,,,,
468,FALSE,15,,,,我．．我不行了．．呵～呵～,UIPanel`BasicPanel,RoleState`15_6,,,,,,,,,,,,,,,,,,,,,,,,,,,,,,,,,,,,,,,,,,,,,,,
469,FALSE,15,,,,呵．．咳～,,,,,,,,,,,,,,,,,,,,,,,,,,,,,,,,,,,,,,,,,,,,,,,,,
470,FALSE,16,Normal,,,李家哥哥，拜托你帮帮忙%我爹爹的哮喘病的突然发作了%你能否帮我们把洪大夫请过来,UIPanel`BasicPanel,RoleState`16_8,GOSwitch`True_YuHang/YuHang/Device0,,,,,,,,,,,,,,,,,,,,,,,,,,,,,,,,,,,,,,,,,,,,,,
471,FALSE,,,,,这回爹爹的病发的急，现在又%是三更半夜的，我们姐妹俩真%不知该怎么办才好,,,,,,,,,,,,,,,,,,,,,,,,,,,,,,,,,,,,,,,,,,,,,,,,,
472,FALSE,17,Normal,,,呜～怎么办．．怎么办．．,,,,,,,,,,,,,,,,,,,,,,,,,,,,,,,,,,,,,,,,,,,,,,,,,
473,FALSE,0,Normal,,,洪大夫，您开开门啊～,Dialogue`474,,,,,,,,,,,,,,,,,,,,,,,,,,,,,,,,,,,,,,,,,,,,,,,,
474,FALSE,0,Normal,,,洪大夫！洪大夫～,Dialogue`475,,,,,,,,,,,,,,,,,,,,,,,,,,,,,,,,,,,,,,,,,,,,,,,,
475,FALSE,20,,RoleTransfer`20_2.16_0_15.36_3,,三更半夜的，是谁在敲门呀～,Dialogue`476,,,,,,,,,,,,,,,,,,,,,,,,,,,,,,,,,,,,,,,,,,,,,,,,
476,FALSE,0,Normal,,,洪大叔，劳您的驾．．%丁伯伯的哮喘病又发作了，看%起来似乎很严重呢，请您赶快%过去看看吧．．,Dialogue`477,,,,,,,,,,,,,,,,,,,,,,,,,,,,,,,,,,,,,,,,,,,,,,,,
477,FALSE,20,,,,好～好的．．我马上就过去,Dialogue`478,RoleTransfer`20_-18.49_0_6.78_2,RoleRotate`16_3,RoleTransfer`0_-19_0_7_3,,,,,,,,,,,,,,,,,,,,,,,,,,,,,,,,,,,,,,,,,,,,,
478,FALSE,20,,,,你们可以放心%已经稳定下来，没有危险了%万一有什么情况，再过来找我,Dialogue`479,RoleState`20_3,GOSwitch`True_YuHang/YuHang/Portal4,,,,,,,,,,,,,,,,,,,,,,,,,,,,,,,,,,,,,,,,,,,,,,
479,FALSE,16,Normal,,,李家哥哥．．我．．我们%真不知该怎么感谢您,Dialogue`480,,,,,,,,,,,,,,,,,,,,,,,,,,,,,,,,,,,,,,,,,,,,,,,,
480,FALSE,0,Normal,,,不用了，我也没帮上什么忙%只是跑跑腿而已．．,UIPanel`BasicPanel,RoleState`16_9,RoleState`17_6,,,,,,,,,,,,,,,,,,,,,,,,,,,,,,,,,,,,,,,,,,,,,,
481,FALSE,16,Normal,,,谢谢你．．,,,,,,,,,,,,,,,,,,,,,,,,,,,,,,,,,,,,,,,,,,,,,,,,,
482,FALSE,17,Normal,,,李大哥．．我好怕～%你留下来陪我们好不好？,Dialogue`483,,,,,,,,,,,,,,,,,,,,,,,,,,,,,,,,,,,,,,,,,,,,,,,,
483,FALSE,0,Normal,,,大夫不是已经说了吗，你爹爹%已经不会有事了，你放心吧。%我有点事，要到山神庙走一趟,Dialogue`484,,,,,,,,,,,,,,,,,,,,,,,,,,,,,,,,,,,,,,,,,,,,,,,,
484,FALSE,17,Normal,,,那不是要经过西边的十里坡？%听说～那里到了晚上会有鬼怪%出来吃人，很可怕呢．．,Dialogue`485,,,,,,,,,,,,,,,,,,,,,,,,,,,,,,,,,,,,,,,,,,,,,,,,
485,FALSE,0,Normal,,,哈哈～那是大人用来吓小孩的%你也信？,Dialogue`486,,,,,,,,,,,,,,,,,,,,,,,,,,,,,,,,,,,,,,,,,,,,,,,,
486,FALSE,0,Normal,,,我今早跟一位老前辈有约在%山神庙，他要教我剑法,Dialogue`487,,,,,,,,,,,,,,,,,,,,,,,,,,,,,,,,,,,,,,,,,,,,,,,,
487,FALSE,17,Normal,,,你才是傻小孩哩，那个疯疯癫癫的老酒鬼讲的话你也当真？,UIPanel`BasicPanel,RoleState`17_7,,,,,,,,,,,,,,,,,,,,,,,,,,,,,,,,,,,,,,,,,,,,,,,
488,FALSE,17,Normal,,,哼～走嘛．不理你了,,,,,,,,,,,,,,,,,,,,,,,,,,,,,,,,,,,,,,,,,,,,,,,,,
489,FALSE,20,,,,被你这么一弄%这下子我可又没得睡了,UIPanel`BasicPanel,RoleState`20_0,,,,,,,,,,,,,,,,,,,,,,,,,,,,,,,,,,,,,,,,,,,,,,,
490,FALSE,20,,,,小李子，是不是跟人打架啦？%真是．．这点小伤，我替你扎%个几针，再推拿几下就没事了,UIPanel`BasicPanel,RoleState`20_5,HPAdd`0_999,,,,,,,,,,,,,,,,,,,,,,,,,,,,,,,,,,,,,,,,,,,,,,
491,FALSE,20,,,,呵～老邻居了，不收你的钱,UIPanel`BasicPanel,RoleState`20_0,,,,,,,,,,,,,,,,,,,,,,,,,,,,,,,,,,,,,,,,,,,,,,,
492,FALSE,0,Normal,,,也不知道那酒鬼会不会来,BGPlay`-1,SoundEffects`Learn,UIPanel`NullPanel,CameraFollow`False,CameraMove`3_-40.75_5_53.7_493,CameraScale`3_3,,,,,,,,,,,,,,,,,,,,,,,,,,,,,,,,,,,,,,,,,,,
493,FALSE,0,Normal,,,那是？！,UIPanel`NullPanel,RoleFade`9_1_0,RoleMove`9_-40.8_0_44.9_2_494,,,,,,,,,,,,,,,,,,,,,,,,,,,,,,,,,,,,,,,,,,,,,,
494,FALSE,9,Normal,,,嗝儿~,CameraMove2Leader`3_495,CameraScale`1.2_3,UIPanel`NullPanel,,,,,,,,,,,,,,,,,,,,,,,,,,,,,,,,,,,,,,,,,,,,,,
495,FALSE,0,Normal,,,是他！,UIPanel`BasicPanel,CameraFollow`True,RoleState`9_7,,,,,,,,,,,,,,,,,,,,,,,,,,,,,,,,,,,,,,,,,,,,,,
496,FALSE,9,Normal,,,哈哈哈！小伙子你果然守信,Dialogue`497,SpecialAnim`9_GetUp_True,RoleFlip`9_X_True,,,,,,,,,,,,,,,,,,,,,,,,,,,,,,,,,,,,,,,,,,,,,,
497,FALSE,0,Normal,,,要不是婶婶看得紧，晚辈原本%还想替老前辈带几壶好酒来,Dialogue`498,,,,,,,,,,,,,,,,,,,,,,,,,,,,,,,,,,,,,,,,,,,,,,,,
498,FALSE,9,Normal,,,呵呵！那倒不必了%老夫喝遍天下名酒，要不是酒%虫闹得凶，才不稀罕那掺了水%的酸酒。,Dialogue`499,,,,,,,,,,,,,,,,,,,,,,,,,,,,,,,,,,,,,,,,,,,,,,,,
499,FALSE,0,Normal,,,让前辈见笑了，乡下小店没啥%美酒佳肴，怠慢不周之处还请%前辈多多见谅,Dialogue`500,,,,,,,,,,,,,,,,,,,,,,,,,,,,,,,,,,,,,,,,,,,,,,,,
500,FALSE,9,Normal,,,哈～哈哈！这样说才像句人话%我一生从不亏欠别人，现在就%教你一式剑招，算是回报你赐%酒之恩，仔细看清楚了,SequenceCG`1,SoundEffects`Teach,SkillLearn`0_1,SpecialAnim`0_Kowtow_True,RoleState`44_1,RoleState`45_1,RoleState`1_6,RoleState`10_5,RoleState`11_3,RoleState`12_0,RoleState`14_0,RoleState`18_6,RoleState`16_10,RoleState`17_8,RoleState`19_2,RoleState`35_1,RoleState`5_11,RoleState`7_8,RoleState`8_7,RoleState`37_3,RoleState`38_3,RoleState`39_3,RoleState`40_2,RoleState`41_2,RoleState`42_2,RoleState`43_2,GOSwitch`True_YuHang/ShiLiPoPeak/EventTrigger1,GOSwitch`True_YuHang/ShiLiPoPeak/EventTrigger2,GOSwitch`False_YuHang/YuHang/Wall1,GOSwitch`True_YuHang/YuHang/Portal1,GOSwitch`True_YuHang/YuHang/Portal2,GOSwitch`True_YuHang/YuHang/Portal4,GOSwitch`False_YuHang/YuHang/EventTrigger2,GOSwitch`False_YuHang/YuHangInn/EventTrigger3,GOSwitch`True_YuHang/YuHangInn/EventTrigger5,GOSwitch`True_YuHang/YuHangInn/EventTrigger6,GOSwitch`True_YuHang/YuHangInn/Obstacle1,GOSwitch`True_YuHang/YuHangInn/EventTrigger5,GOSwitch`True_YuHang/YuHangInnRoom/EventTrigger2,GOSwitch`True_YuHang/XianLingIslandPool/EventTrigger0,GOSwitch`True_YuHang/ShuiYueTemple/Crutch,GOSwitch`True_YuHang/ShuiYueTemple/EventTrigger2,GOSwitch`True_YuHang/ShuiYueTemple/EventTrigger3,GOSwitch`True_YuHang/ShuiYueTemple/EventTrigger4,GOSwitch`True_YuHang/YuHang/Chicken,GOSwitch`True_YuHang/YuHang/Chicken-,GOSwitch`True_YuHang/YuHang/Chicken--,GOSwitch`True_YuHang/YuHang/Chicken---,GOSwitch`True_YuHang/YuHang/Chicken----
501,FALSE,0,Normal,TimeChange`YuHang_True,,前辈！请您收我为徒。,Dialogue`502,HPAdd`0_999,,,,,,,,,,,,,,,,,,,,,,,,,,,,,,,,,,,,,,,,,,,,,,,
502,FALSE,9,Normal,,,贫道一向漂泊惯了%不想收徒弟,Dialogue`503,SpecialAnim`0_Kowtow_False_False,,,,,,,,,,,,,,,,,,,,,,,,,,,,,,,,,,,,,,,,,,,,,,,
503,FALSE,0,Normal,,,前辈～求求您．．晚辈愿意孝%敬您下半辈子，跟随您行侠仗%义，云游四海．．,Dialogue`504,,,,,,,,,,,,,,,,,,,,,,,,,,,,,,,,,,,,,,,,,,,,,,,,
504,FALSE,9,Normal,,,你学此一招剑法，便可一生受%用无穷，你我缘尽于此，回家%去吧．．,Dialogue`505,RoleFade`9_0_2,RoleRotate`0_1,,,,,,,,,,,,,,,,,,,,,,,,,,,,,,,,,,,,,,,,,,,,,,
505,FALSE,0,Normal,,,前．．前辈！%还不知道您尊姓大名呢,Dialogue`506,RoleState`9_6,,,,,,,,,,,,,,,,,,,,,,,,,,,,,,,,,,,,,,,,,,,,,,,
506,TRUE,,,,,远远传来宏亮的朗诗声,Dialogue`507,,,,,,,,,,,,,,,,,,,,,,,,,,,,,,,,,,,,,,,,,,,,,,,,
507,TRUE,,,,,御剑乘风来　除魔天地间%有酒乐逍遥　无酒我亦癫%一饮尽江河　再饮吞日月%千杯醉不倒　唯我酒剑仙,Dialogue`508,,,,,,,,,,,,,,,,,,,,,,,,,,,,,,,,,,,,,,,,,,,,,,,,
508,FALSE,0,Normal,,,酒．．剑仙？,,,,,,,,,,,,,,,,,,,,,,,,,,,,,,,,,,,,,,,,,,,,,,,,,
509,FALSE,0,Normal,,,啥．．已经天亮了呀%惨了～等会回去又要挨骂了,UIPanel`BasicPanel,BGPlay`8,,,,,,,,,,,,,,,,,,,,,,,,,,,,,,,,,,,,,,,,,,,,,,,
510,FALSE,44,,RoleRotate`44_2,,请问一下．．%往余杭县怎么走？,Dialogue`511,,,,,,,,,,,,,,,,,,,,,,,,,,,,,,,,,,,,,,,,,,,,,,,,
511,FALSE,0,Normal,,,往这方向一直走%过了十里坡就到了．．,Dialogue`512,,,,,,,,,,,,,,,,,,,,,,,,,,,,,,,,,,,,,,,,,,,,,,,,
512,FALSE,44,,,,好．．谢谢,Dialogue`513,RoleRotate`44_3,RoleRotate`45_3,,,,,,,,,,,,,,,,,,,,,,,,,,,,,,,,,,,,,,,,,,,,,,
513,FALSE,44,,,,对了．．再请问一下%城里头有客栈可以投宿吗？,Dialogue`514,RoleRotate`44_2,RoleRotate`45_1,,,,,,,,,,,,,,,,,,,,,,,,,,,,,,,,,,,,,,,,,,,,,,
514,FALSE,0,Normal,,,只有一间，就是我家开的%不过．．已经有客人包下了%暂时不作别人的生意,Dialogue`515,,,,,,,,,,,,,,,,,,,,,,,,,,,,,,,,,,,,,,,,,,,,,,,,
515,FALSE,44,,,,啧．．好吧我们另外想办法,UIPanel`BasicPanel,RoleState`44_0,RoleState`45_0,,,,,,,,,,,,,,,,,,,,,,,,,,,,,,,,,,,,,,,,,,,,,,
516,FALSE,10,,,,小李子呀，你婶婶大病初愈%别再让她太操劳了,,,,,,,,,,,,,,,,,,,,,,,,,,,,,,,,,,,,,,,,,,,,,,,,,
517,FALSE,11,,,,早呀！你婶婶的病好了点没？,Dialogue`518,,,,,,,,,,,,,,,,,,,,,,,,,,,,,,,,,,,,,,,,,,,,,,,,
518,FALSE,0,Normal,,,托您的福，已经没事了,,,,,,,,,,,,,,,,,,,,,,,,,,,,,,,,,,,,,,,,,,,,,,,,,
519,FALSE,18,Normal,,,逍遥哥哥！%你教我如何造密道好不好？,Dialogue`520,,,,,,,,,,,,,,,,,,,,,,,,,,,,,,,,,,,,,,,,,,,,,,,,
520,FALSE,0,Normal,,,这．．太乱来了吧%给你爹知道的话，准挨揍的,Dialogue`521,,,,,,,,,,,,,,,,,,,,,,,,,,,,,,,,,,,,,,,,,,,,,,,,
521,FALSE,18,Normal,,,可是～你自己还不是在房间做%了一个密道，通到楼下的柴房,Dialogue`522,,,,,,,,,,,,,,,,,,,,,,,,,,,,,,,,,,,,,,,,,,,,,,,,
522,FALSE,0,Normal,,,嘘～别大声嚷嚷，给我婶婶知%道就惨了，改天我再教你吧,Dialogue`523,,,,,,,,,,,,,,,,,,,,,,,,,,,,,,,,,,,,,,,,,,,,,,,,
523,FALSE,18,Normal,,,又是改天哪～%逍遥大哥最爱赖皮了,,,,,,,,,,,,,,,,,,,,,,,,,,,,,,,,,,,,,,,,,,,,,,,,,
524,FALSE,16,Normal,,,我爹病了，大夫说只要能渡过%这几天就会没事了，我们姐妹%俩得轮流看护他,Dialogue`525,,,,,,,,,,,,,,,,,,,,,,,,,,,,,,,,,,,,,,,,,,,,,,,,
525,FALSE,0,Normal,,,丁大伯有你们两个这么孝顺的%好女儿，一定会好起来的,,,,,,,,,,,,,,,,,,,,,,,,,,,,,,,,,,,,,,,,,,,,,,,,,
526,FALSE,17,Normal,,,李大哥是来探望我爹的病吗？,UIPanel`BasicPanel,RoleState`17_9,,,,,,,,,,,,,,,,,,,,,,,,,,,,,,,,,,,,,,,,,,,,,,,
527,FALSE,17,Normal,,,爹爹的病是多年的老毛病了%可是一直都治不好,,,,,,,,,,,,,,,,,,,,,,,,,,,,,,,,,,,,,,,,,,,,,,,,,
528,FALSE,19,,,,呵．．听说你跑到仙灵岛上去%求仙药，救了你婶婶一命是吧,UIPanel`BasicPanel,RoleState`19_3,,,,,,,,,,,,,,,,,,,,,,,,,,,,,,,,,,,,,,,,,,,,,,,
529,FALSE,,,,,好～真是孝顺的好孩子啊．．,UIPanel`BasicPanel,RoleState`19_2,,,,,,,,,,,,,,,,,,,,,,,,,,,,,,,,,,,,,,,,,,,,,,,
530,FALSE,5,Normal,RoleRotate`5_1,,你昨晚又跑到哪玩了？居然到%早上才回来，连店门也没拴！%万一遭了小偷怎么办！,Dialogue`531,,,,,,,,,,,,,,,,,,,,,,,,,,,,,,,,,,,,,,,,,,,,,,,,
531,FALSE,0,Normal,,,婶婶！我昨晚遇到一位仙人呢%就是一大早躺在店门口要酒喝%的那个道士，他还教了我一套%剑法，你要不要瞧看看．．,Dialogue`532,,,,,,,,,,,,,,,,,,,,,,,,,,,,,,,,,,,,,,,,,,,,,,,,
532,FALSE,5,Normal,,,别在那瞎说梦话，对了．．%那些苗人客官今早回来时又%要多订一间客房,Dialogue`533,,,,,,,,,,,,,,,,,,,,,,,,,,,,,,,,,,,,,,,,,,,,,,,,
533,FALSE,0,Normal,,,可是．．咱们客栈也才不过%两间客房吧,Dialogue`534,,,,,,,,,,,,,,,,,,,,,,,,,,,,,,,,,,,,,,,,,,,,,,,,
534,FALSE,5,Normal,,,我上楼找不到你，就把你的房%间收拾收拾，先让给客官住下,Dialogue`535,,,,,,,,,,,,,,,,,,,,,,,,,,,,,,,,,,,,,,,,,,,,,,,,
535,FALSE,0,Normal,,,啥！那我要睡哪里？,Dialogue`536,,,,,,,,,,,,,,,,,,,,,,,,,,,,,,,,,,,,,,,,,,,,,,,,
536,FALSE,5,Normal,,,他们今晚就要走了，就忍耐一%下吧，一天不睡午觉又不会死,Dialogue`537,,,,,,,,,,,,,,,,,,,,,,,,,,,,,,,,,,,,,,,,,,,,,,,,
537,FALSE,0,Normal,,,哦～我的房间是住了谁？,Dialogue`538,,,,,,,,,,,,,,,,,,,,,,,,,,,,,,,,,,,,,,,,,,,,,,,,
538,FALSE,5,Normal,,,也没住人，就只见他们抬了一%只鼓鼓的麻布袋进去，也不许%咱们任何人进去那房间,Dialogue`539,,,,,,,,,,,,,,,,,,,,,,,,,,,,,,,,,,,,,,,,,,,,,,,,
539,FALSE,0,Normal,,,哦？这般人神神秘秘的%莫非是啥宝贝不成．．,Dialogue`540,,,,,,,,,,,,,,,,,,,,,,,,,,,,,,,,,,,,,,,,,,,,,,,,
540,FALSE,5,Normal,,,你管人家那么多干啥？%快去梳洗一下，准备吃早饭啦,,,,,,,,,,,,,,,,,,,,,,,,,,,,,,,,,,,,,,,,,,,,,,,,,
541,FALSE,,,,,贼头贼脑的瞧什么？%没有吩咐不准靠近这房间！,,,,,,,,,,,,,,,,,,,,,,,,,,,,,,,,,,,,,,,,,,,,,,,,,
542,FALSE,0,Normal,SpecialAnim`1_Hide_False_False,,哇！是位大姑娘．．．．%．．咦～好像在哪见过？,Dialogue`543,RoleRotate`1_3,GOSwitch`True_YuHang/YuHangInnRoom/Device7,BGPlay`-1,,,,,,,,,,,,,,,,,,,,,,,,,,,,,,,,,,,,,,,,,,,,,
543,FALSE,0,Normal,,,姑娘～这是怎么一回事？%那些人为什么把你抓来？,Dialogue`544,,,,,,,,,,,,,,,,,,,,,,,,,,,,,,,,,,,,,,,,,,,,,,,,
544,FALSE,1,Normal,,,呜～姥姥．．%我要回去救姥姥！,Dialogue`545,,,,,,,,,,,,,,,,,,,,,,,,,,,,,,,,,,,,,,,,,,,,,,,,
545,FALSE,0,Normal,,,嘘～别作声．,Dialogue`546,RoleTransfer`7_2.965_0_7.33_2,RoleTransfer`8_3.28_0_7.335_2,,,,,,,,,,,,,,,,,,,,,,,,,,,,,,,,,,,,,,,,,,,,,,
546,FALSE,,,BGPlay`16,,你是怎么溜进来的！,Dialogue`547,,,,,,,,,,,,,,,,,,,,,,,,,,,,,,,,,,,,,,,,,,,,,,,,
547,FALSE,0,Normal,RoleRotate`0_3,,喂～你们把这位姑娘绑来这里%到底作何居心？,Dialogue`548,,,,,,,,,,,,,,,,,,,,,,,,,,,,,,,,,,,,,,,,,,,,,,,,
548,FALSE,,,,,咱们拜月教的事你最好别管！,Dialogue`549,,,,,,,,,,,,,,,,,,,,,,,,,,,,,,,,,,,,,,,,,,,,,,,,
549,FALSE,0,Normal,,,嘿～这是我们家开的客栈%我当然非管不可,Dialogue`550,,,,,,,,,,,,,,,,,,,,,,,,,,,,,,,,,,,,,,,,,,,,,,,,
550,FALSE,,,,,你找死！,Dialogue`551,,,,,,,,,,,,,,,,,,,,,,,,,,,,,,,,,,,,,,,,,,,,,,,,
551,FALSE,,,,,小子，算你厉害。咱们走！,Dialogue`552,RoleRotate`0_2,RoleState`7_7,RoleState`8_6,RoleState`10_6,RoleState`11_4,RoleState`16_11,RoleState`17_10,RoleState`18_7,RoleState`20_6,RoleState`26_3,RoleState`30_13,GOSwitch`False_YuHang/YuHangInn/EventTrigger6,GOSwitch`True_YuHang/YuHangInn/EventTrigger7,GOSwitch`False_YuHang/YuHangInnRoom/Device1,GOSwitch`False_YuHang/YuHangInnRoom/Device2,GOSwitch`True_YuHang/YuHangInnRoom/Device8,GOSwitch`True_YuHang/YuHangInnRoom/Device10,GOSwitch`False_YuHang/YuHangInn/Obstacle1,GOSwitch`False_YuHang/YuHangInnRoom/EventTrigger2,,,,,,,,,,,,,,,,,,,,,,,,,,,,,
552,FALSE,0,Normal,BGPlay`7,,那些苗人为什么要抓你？,Dialogue`553,,,,,,,,,,,,,,,,,,,,,,,,,,,,,,,,,,,,,,,,,,,,,,,,
553,FALSE,1,Normal,,,姥姥．．姥姥受了重伤，我好%担心呐，求求你带我回岛上%姥姥就快死了．．,Dialogue`554,,,,,,,,,,,,,,,,,,,,,,,,,,,,,,,,,,,,,,,,,,,,,,,,
554,FALSE,0,Normal,,,岛．．？　哪一个岛？,Dialogue`555,,,,,,,,,,,,,,,,,,,,,,,,,,,,,,,,,,,,,,,,,,,,,,,,
555,FALSE,1,Normal,,,当然是仙灵岛啊！！,Dialogue`556,,,,,,,,,,,,,,,,,,,,,,,,,,,,,,,,,,,,,,,,,,,,,,,,
556,FALSE,0,Normal,,,好好好～你别慌，镇静点%这样吧．．我去帮你借一艘船,UIPanel`BasicPanel,PlayerJoin`1,RoleFollow`1_True,,,,,,,,,,,,,,,,,,,,,,,,,,,,,,,,,,,,,,,,,,,,,,
557,TRUE,,,,,一只空的麻布袋,,,,,,,,,,,,,,,,,,,,,,,,,,,,,,,,,,,,,,,,,,,,,,,,,
558,FALSE,5,Normal,,,你疯了是不是！得罪了客官%咱们生意还做不做？,Dialogue`559,,,,,,,,,,,,,,,,,,,,,,,,,,,,,,,,,,,,,,,,,,,,,,,,
559,FALSE,0,Normal,,,婶婶～%那些苗人根本是采花贼%这位姑娘差点就被抓去卖掉,Dialogue`560,,,,,,,,,,,,,,,,,,,,,,,,,,,,,,,,,,,,,,,,,,,,,,,,
560,FALSE,5,Normal,,,哎呦～　真是该打%咦？这丫头是哪户人家的千金%我怎么从没见过？,Dialogue`561,,,,,,,,,,,,,,,,,,,,,,,,,,,,,,,,,,,,,,,,,,,,,,,,
561,FALSE,0,Normal,,,婶婶～您别尽盯着人家瞧呐！%我得尽快将这位姑娘送回家去,Dialogue`562,,,,,,,,,,,,,,,,,,,,,,,,,,,,,,,,,,,,,,,,,,,,,,,,
562,FALSE,5,Normal,,,你可得快去快回啊！%别又惹上麻烦了,UIPanel`BasicPanel,RoleState`5_12,,,,,,,,,,,,,,,,,,,,,,,,,,,,,,,,,,,,,,,,,,,,,,,
563,FALSE,5,Normal,,,千万别再惹麻烦．．,,,,,,,,,,,,,,,,,,,,,,,,,,,,,,,,,,,,,,,,,,,,,,,,,
564,FALSE,30,Normal,,,我没听错吧？%这位姑娘也要去仙灵岛！,Dialogue`565,,,,,,,,,,,,,,,,,,,,,,,,,,,,,,,,,,,,,,,,,,,,,,,,
565,FALSE,30,Normal,,,小姐！你也是去求仙丹的吗？%仙灵岛可不是啥好玩的地方啊%听说～岛上有吃人的妖怪哦！,Dialogue`566,,,,,,,,,,,,,,,,,,,,,,,,,,,,,,,,,,,,,,,,,,,,,,,,
566,FALSE,1,Normal,,,你乱讲！　才不是妖怪呢,Dialogue`567,,,,,,,,,,,,,,,,,,,,,,,,,,,,,,,,,,,,,,,,,,,,,,,,
567,FALSE,0,Normal,,,四哥～　拜托拜托嘛．．%眼前就只有您能帮我这个忙了%现在没时间多作解释，总而言%之，是人命关天的事就对了,Dialogue`568,,,,,,,,,,,,,,,,,,,,,,,,,,,,,,,,,,,,,,,,,,,,,,,,
568,FALSE,30,Normal,,,好吧．．既然是逍遥老弟拜托%四哥我就帮到底啦～上船吧！,Dialogue`569,GOSwitch`True_YuHang/YuHangDock0/EventTrigger2,RoleState`30_5,GOSwitch`True_YuHang/XianLingIslandDock/EventTrigger1,,,,,,,,,,,,,,,,,,,,,,,,,,,,,,,,,,,,,,,,,,,,,
569,FALSE,30,Normal,,,我就好人做到底%再跑这一趟吧！,,,,,,,,,,,,,,,,,,,,,,,,,,,,,,,,,,,,,,,,,,,,,,,,,
570,FALSE,13,,,,材料不够，没把围篱补好%改明儿再去进一些竹板,UIPanel`BasicPanel,RoleState`13_5,,,,,,,,,,,,,,,,,,,,,,,,,,,,,,,,,,,,,,,,,,,,,,,
571,FALSE,13,,,,说来说去还不都是一些%猴死囝仔，讲也讲不听%常常爬墙跑到十里坡去%捕蝉找鸟窝，给攀垮的,UIPanel`BasicPanel,RoleState`13_6,,,,,,,,,,,,,,,,,,,,,,,,,,,,,,,,,,,,,,,,,,,,,,,
572,FALSE,13,,,,你要买啥？,UIPanel`TradePanel,,,,,,,,,,,,,,,,,,,,,,,,,,,,,,,,,,,,,,,,,,,,,,,,
573,FALSE,35,,,,做木匠是很辛苦的喔,,,,,,,,,,,,,,,,,,,,,,,,,,,,,,,,,,,,,,,,,,,,,,,,,
574,FALSE,,,RoleTransfer`0_1.8_0_6.75_0,,这样走出去会被发现的,,,,,,,,,,,,,,,,,,,,,,,,,,,,,,,,,,,,,,,,,,,,,,,,,
575,FALSE,10,,,,呵呵～小李子．．不简单哦！,,,,,,,,,,,,,,,,,,,,,,,,,,,,,,,,,,,,,,,,,,,,,,,,,
576,FALSE,11,,,,噢～这是那户人家的千金哪？%外地来的吗？怎么都没见过？,UIPanel`BasicPanel,RoleState`11_5,,,,,,,,,,,,,,,,,,,,,,,,,,,,,,,,,,,,,,,,,,,,,,,
577,FALSE,,,,,为谁洗衣～为谁忙．．,,,,,,,,,,,,,,,,,,,,,,,,,,,,,,,,,,,,,,,,,,,,,,,,,
578,FALSE,18,Normal,,,哈～是仙女姐姐！%我是小虎子，您还记得我吗？,Dialogue`579,,,,,,,,,,,,,,,,,,,,,,,,,,,,,,,,,,,,,,,,,,,,,,,,
579,FALSE,1,Normal,,,嗯～我当然记得．．%小虎～你爹爹的病好了吧？,Dialogue`580,,,,,,,,,,,,,,,,,,,,,,,,,,,,,,,,,,,,,,,,,,,,,,,,
580,FALSE,0,Normal,,,咦～你们认识？,Dialogue`581,,,,,,,,,,,,,,,,,,,,,,,,,,,,,,,,,,,,,,,,,,,,,,,,
581,FALSE,18,Normal,,,　　对啊！%我跟你说的仙女姐姐就是她,UIPanel`BasicPanel,RoleState`18_8,,,,,,,,,,,,,,,,,,,,,,,,,,,,,,,,,,,,,,,,,,,,,,,
582,FALSE,18,Normal,,,逍遥哥哥配仙女姐姐%哈哈～天生一对！,UIPanel`BasicPanel,RoleState`18_9,,,,,,,,,,,,,,,,,,,,,,,,,,,,,,,,,,,,,,,,,,,,,,,
583,FALSE,18,Normal,,,你们要去哪？带我去好不好,,,,,,,,,,,,,,,,,,,,,,,,,,,,,,,,,,,,,,,,,,,,,,,,,
584,FALSE,17,Normal,,,逍遥哥哥～她是谁？%怎么会跟你在一起．．,Dialogue`585,,,,,,,,,,,,,,,,,,,,,,,,,,,,,,,,,,,,,,,,,,,,,,,,
585,FALSE,0,Normal,,,她．．她是我远房的表妹%到我家来玩几天,Dialogue`586,,,,,,,,,,,,,,,,,,,,,,,,,,,,,,,,,,,,,,,,,,,,,,,,
586,FALSE,17,Normal,,,少骗人了，你家什么时候冒出%个远房亲戚来？我怎么不知道,UIPanel`BasicPanel,RoleState`17_11,,,,,,,,,,,,,,,,,,,,,,,,,,,,,,,,,,,,,,,,,,,,,,,
587,FALSE,17,Normal,,,喂～！%你可不许打逍遥哥的主意,,,,,,,,,,,,,,,,,,,,,,,,,,,,,,,,,,,,,,,,,,,,,,,,,
588,FALSE,20,,,,我说小李子呀～你老大不小了%也该趁早讨个媳妇，安定下来%别老是让你婶婶操心,Dialogue`589,,,,,,,,,,,,,,,,,,,,,,,,,,,,,,,,,,,,,,,,,,,,,,,,
589,FALSE,20,,,,呵呵～我怎么说教起来了%你们是来抓药的吧？%自己随便挑吧．．,UIPanel`TradePanel,,,,,,,,,,,,,,,,,,,,,,,,,,,,,,,,,,,,,,,,,,,,,,,,
590,FALSE,16,Normal,,,　啊．．你好,,,,,,,,,,,,,,,,,,,,,,,,,,,,,,,,,,,,,,,,,,,,,,,,,
591,FALSE,26,,,,这几天出入仙灵岛的人%怎么突然多了起来？,,,,,,,,,,,,,,,,,,,,,,,,,,,,,,,,,,,,,,,,,,,,,,,,,
592,FALSE,30,Normal,,,快去办完这档事，早点回家吧%这座岛阴阳怪气的，在这里多%留一会，心里头总是毛毛的,,,,,,,,,,,,,,,,,,,,,,,,,,,,,,,,,,,,,,,,,,,,,,,,,
593,FALSE,1,Normal,,,通通退下．．他是我的朋友%你们不可以乱来！,Dialogue`594,,,,,,,,,,,,,,,,,,,,,,,,,,,,,,,,,,,,,,,,,,,,,,,,
594,FALSE,,,,,吱～　咕．．嘎．．,Dialogue`595,,,,,,,,,,,,,,,,,,,,,,,,,,,,,,,,,,,,,,,,,,,,,,,,
595,FALSE,0,Normal,,,这～这些小妖怪真听你的话？,Dialogue`596,,,,,,,,,,,,,,,,,,,,,,,,,,,,,,,,,,,,,,,,,,,,,,,,
596,FALSE,1,Normal,,,嗯．．它们是我师父养的%在这里负责守护山谷入口%所以看到陌生人就会攻击%其实．．它们平常很乖的,,,,,,,,,,,,,,,,,,,,,,,,,,,,,,,,,,,,,,,,,,,,,,,,,
597,FALSE,1,Normal,,,哦．．这通道是．．？,Dialogue`598,,,,,,,,,,,,,,,,,,,,,,,,,,,,,,,,,,,,,,,,,,,,,,,,
598,FALSE,0,Normal,,,哈～那些苗人怎么也不会料到%我在这里做了一个密道，结果%就刚好救了你呢．．,,,,,,,,,,,,,,,,,,,,,,,,,,,,,,,,,,,,,,,,,,,,,,,,,
599,FALSE,0,Normal,,,灵儿．．你要不要爬爬看？,Dialogue`600,,,,,,,,,,,,,,,,,,,,,,,,,,,,,,,,,,,,,,,,,,,,,,,,
600,FALSE,1,Normal,,,你好坏～叫女孩子爬这种东西%很难看呢！人家才不要．．,,,,,,,,,,,,,,,,,,,,,,,,,,,,,,,,,,,,,,,,,,,,,,,,,
601,FALSE,,,,,密道坏了．．,Dialogue`602,,,,,,,,,,,,,,,,,,,,,,,,,,,,,,,,,,,,,,,,,,,,,,,,
602,FALSE,0,Normal,,,啊．．一定是上次跟苗人%打架给打坏了,,,,,,,,,,,,,,,,,,,,,,,,,,,,,,,,,,,,,,,,,,,,,,,,,
603,FALSE,0,Normal,RoleTransfer`0_121.725_0_78.95_0,BGPlay`-1,天啊！好惨．．,Dialogue`604,,,,,,,,,,,,,,,,,,,,,,,,,,,,,,,,,,,,,,,,,,,,,,,,
604,TRUE,,,RoleTransfer`0_121.6_0_79.6_2,,二人环顾四周，只见水月宫内%众人皆倒卧於血泊之中，显然%全都遭到苗人的毒手,Dialogue`605,RoleRotate`1_0,,,,,,,,,,,,,,,,,,,,,,,,,,,,,,,,,,,,,,,,,,,,,,,
605,FALSE,1,Normal,,,．．姥姥！,UIPanel`BasicPanel,RoleFollow`1_False,PlayerLeave`1,RoleState`1_7,,,,,,,,,,,,,,,,,,,,,,,,,,,,,,,,,,,,,,,,,,,,,
606,FALSE,,,,,此人已死．．,,,,,,,,,,,,,,,,,,,,,,,,,,,,,,,,,,,,,,,,,,,,,,,,,
607,FALSE,1,Normal,BGPlay`11,,姥姥！！　姥姥．．%您不能死．．不能死啊．．,Dialogue`608,,,,,,,,,,,,,,,,,,,,,,,,,,,,,,,,,,,,,,,,,,,,,,,,
608,FALSE,37,Normal,,,唉．．十年了．．终究躲不过,Dialogue`609,,,,,,,,,,,,,,,,,,,,,,,,,,,,,,,,,,,,,,,,,,,,,,,,
609,FALSE,37,Normal,,,灵儿．．．姥姥．．%不能再．．保护你了,Dialogue`610,,,,,,,,,,,,,,,,,,,,,,,,,,,,,,,,,,,,,,,,,,,,,,,,
610,FALSE,37,Normal,,,以后．．你自己一个人．．%千万要坚强．．,Dialogue`611,,,,,,,,,,,,,,,,,,,,,,,,,,,,,,,,,,,,,,,,,,,,,,,,
611,FALSE,1,Normal,,,不要．．灵儿不要．．%您要是死了，您叫灵儿怎么办,Dialogue`612,,,,,,,,,,,,,,,,,,,,,,,,,,,,,,,,,,,,,,,,,,,,,,,,
612,FALSE,37,Normal,,,小伙子．．！,Dialogue`613,,,,,,,,,,,,,,,,,,,,,,,,,,,,,,,,,,,,,,,,,,,,,,,,
613,FALSE,0,Normal,,,唔～我！？,Dialogue`614,,,,,,,,,,,,,,,,,,,,,,,,,,,,,,,,,,,,,,,,,,,,,,,,
614,FALSE,37,Normal,,,我已经．．活不成了%以后～　灵儿就托付给你了,Dialogue`615,,,,,,,,,,,,,,,,,,,,,,,,,,,,,,,,,,,,,,,,,,,,,,,,
615,FALSE,0,Normal,,,给．．给我！？,Dialogue`616,,,,,,,,,,,,,,,,,,,,,,,,,,,,,,,,,,,,,,,,,,,,,,,,
616,FALSE,37,Normal,,,黑苗族的人不可能就此罢休%十年来．．他们千方百计．．%就是要找到灵儿,Dialogue`617,,,,,,,,,,,,,,,,,,,,,,,,,,,,,,,,,,,,,,,,,,,,,,,,
617,FALSE,37,Normal,,,以后．．你可要好好保护她%不然我做鬼也不饶你！,Dialogue`618,,,,,,,,,,,,,,,,,,,,,,,,,,,,,,,,,,,,,,,,,,,,,,,,
618,FALSE,0,Normal,,,好好．．我明白．．%您安心的去吧,Dialogue`619,,,,,,,,,,,,,,,,,,,,,,,,,,,,,,,,,,,,,,,,,,,,,,,,
619,FALSE,,,,,李逍遥心想：惨啦．．%这下子可惹个大麻烦上身了,Dialogue`620,,,,,,,,,,,,,,,,,,,,,,,,,,,,,,,,,,,,,,,,,,,,,,,,
620,FALSE,37,Normal,,,还有．．你要带灵儿回故乡%找到她的娘亲的下落,Dialogue`621,,,,,,,,,,,,,,,,,,,,,,,,,,,,,,,,,,,,,,,,,,,,,,,,
621,FALSE,1,Normal,,,娘还在人世！？,Dialogue`622,,,,,,,,,,,,,,,,,,,,,,,,,,,,,,,,,,,,,,,,,,,,,,,,
622,FALSE,37,Normal,,,嗯．．．．你师父生前曾回%苗疆打听过夫人的下落．．,Dialogue`623,,,,,,,,,,,,,,,,,,,,,,,,,,,,,,,,,,,,,,,,,,,,,,,,
623,FALSE,37,Normal,,,后来打听到．．大理的白苗%族有你娘的衣冠坟和石像，%但从没有人见过夫人的遗体,Dialogue`624,,,,,,,,,,,,,,,,,,,,,,,,,,,,,,,,,,,,,,,,,,,,,,,,
624,FALSE,37,Normal,,,也许．．可能只是也许．．%不管夫人是生是死．．至少%这是你为人子女应尽的孝道%也是老身最后的一桩心愿．．,Dialogue`625,SpecialAnim`1_Kowtow_False_False,,,,,,,,,,,,,,,,,,,,,,,,,,,,,,,,,,,,,,,,,,,,,,,
625,FALSE,1,Normal,,,是．．孩儿遵命．．,Dialogue`626,,,,,,,,,,,,,,,,,,,,,,,,,,,,,,,,,,,,,,,,,,,,,,,,
626,FALSE,,,,,说完．．姥姥便断气了．．,Dialogue`627,,,,,,,,,,,,,,,,,,,,,,,,,,,,,,,,,,,,,,,,,,,,,,,,
627,FALSE,0,Normal,,,别难过了．．先把她们安葬吧,Dialogue`628,RoleTransfer`0_127.82_0_68.44_3,RoleTransfer`1_127.985_0_68.12,SpecialAnim`1_Knee_True,RoleState`37_0,RoleState`38_4,RoleState`39_4,RoleState`40_3,RoleState`41_3,RoleState`42_0,RoleState`43_0,RoleState`30_15,RoleState`5_14,RoleState`10_4,RoleState`11_2,RoleState`12_1,RoleState`17_12,RoleState`18_10,RoleState`6_9,RoleState`7_9,RoleState`8_8,GOSwitch`False_YuHang/ShuiYueTemple/Crutch,GOSwitch`True_YuHang/XianLingIslandTail/Device1,GOSwitch`True_YuHang/XianLingIslandTail/Tomb0,GOSwitch`True_YuHang/XianLingIslandTail/Tomb1,GOSwitch`True_YuHang/XianLingIslandTail/Tomb2,GOSwitch`True_YuHang/XianLingIslandTail/Tomb3,GOSwitch`True_YuHang/XianLingIslandTail/Tomb4,GOSwitch`True_YuHang/XianLingIslandTail/Tomb5,GOSwitch`True_YuHang/XianLingIslandPool/EventTrigger2,GOSwitch`True_YuHang/YuHangInn/EventTrigger8,GOSwitch`False_YuHang/YuHang/Chicken,GOSwitch`False_YuHang/YuHang/Chicken-,GOSwitch`False_YuHang/YuHang/Chicken--,GOSwitch`False_YuHang/YuHang/Chicken---,GOSwitch`False_YuHang/YuHang/Chicken----,,,,,,,,,,,,,
628,FALSE,1,Normal,,,姥姥、师父．．还有诸位师姑%你们地下有知，保佑孩儿早日%找到娘亲．．,Dialogue`629,,,,,,,,,,,,,,,,,,,,,,,,,,,,,,,,,,,,,,,,,,,,,,,,
629,FALSE,1,Normal,,,灵儿．．就此拜别．．,Dialogue`630,,,,,,,,,,,,,,,,,,,,,,,,,,,,,,,,,,,,,,,,,,,,,,,,
630,FALSE,0,Normal,,,你．．以后有何打算？,Dialogue`631,,,,,,,,,,,,,,,,,,,,,,,,,,,,,,,,,,,,,,,,,,,,,,,,
631,FALSE,1,Normal,,,当然是．．跟着你．．,Dialogue`632,,,,,,,,,,,,,,,,,,,,,,,,,,,,,,,,,,,,,,,,,,,,,,,,
632,FALSE,0,Normal,,,好吧！%事到如今，走一步算一步啦%是福是祸到时候再说吧！,Dialogue`633,,,,,,,,,,,,,,,,,,,,,,,,,,,,,,,,,,,,,,,,,,,,,,,,
633,FALSE,0,Normal,,,反正．．你也没地方去了，不%如先住在我家吧，反正我家是%开客栈的，空房间多的是,UIPanel`BasicPanel,PlayerJoin`1,RoleFollow`1_True,,,,,,,,,,,,,,,,,,,,,,,,,,,,,,,,,,,,,,,,,,,,,,
634,TRUE,,,,,苦海无涯　回头是岸,,,,,,,,,,,,,,,,,,,,,,,,,,,,,,,,,,,,,,,,,,,,,,,,,
635,FALSE,1,Normal,,,姥姥～我．．都怪灵儿不好%没有好好听您的话．．,Dialogue`636,,,,,,,,,,,,,,,,,,,,,,,,,,,,,,,,,,,,,,,,,,,,,,,,
636,FALSE,0,Normal,,,好了．．别难过了%我想你姥姥也不希望你一直%这么愁眉不展吧．．,,,,,,,,,,,,,,,,,,,,,,,,,,,,,,,,,,,,,,,,,,,,,,,,,
637,FALSE,1,Normal,,,姥姥～灵儿就此拜别，您在天%有灵，保佑孩儿早日找到娘亲,,,,,,,,,,,,,,,,,,,,,,,,,,,,,,,,,,,,,,,,,,,,,,,,,
638,TRUE,,,,,墓碑上题字："姥姥姜氏之墓",,,,,,,,,,,,,,,,,,,,,,,,,,,,,,,,,,,,,,,,,,,,,,,,,
639,FALSE,,,,,第六具石像亦应声而碎%然而破天锤也断了,,,,,,,,,,,,,,,,,,,,,,,,,,,,,,,,,,,,,,,,,,,,,,,,,
640,FALSE,30,Normal,,,回来啦！？　那就走人啦．．,UIPanel`BasicPanel,BGPlay`1,RoleTransfer`0_21.55_0_23.2,RoleState`30_16,,,,,,,,,,,,,,,,,,,,,,,,,,,,,,,,,,,,,,,,,,,,,
641,FALSE,30,Normal,,,这么个折腾下来，可真是累人,UIPanel`BasicPanel,RoleState`30_17,,,,,,,,,,,,,,,,,,,,,,,,,,,,,,,,,,,,,,,,,,,,,,,
642,FALSE,30,Normal,,,以后这种吃力不讨好的事可别找我了,,,,,,,,,,,,,,,,,,,,,,,,,,,,,,,,,,,,,,,,,,,,,,,,,
643,FALSE,18,Normal,,,不好了～不好了，逍遥哥哥！有三个坏人拿着刀子，在村子%里到处找你呢！他们看起来好%凶喔．．,Dialogue`644,,,,,,,,,,,,,,,,,,,,,,,,,,,,,,,,,,,,,,,,,,,,,,,,
644,FALSE,0,Normal,,,一定是那些死不成的家伙．．%嘿～想找我报仇吗？他们现在%人在哪里？,Dialogue`645,,,,,,,,,,,,,,,,,,,,,,,,,,,,,,,,,,,,,,,,,,,,,,,,
645,FALSE,18,Normal,,,他们找不到你，就在你家里等,Dialogue`646,,,,,,,,,,,,,,,,,,,,,,,,,,,,,,,,,,,,,,,,,,,,,,,,
646,FALSE,0,Normal,,,啊．．我婶婶呢？,Dialogue`647,,,,,,,,,,,,,,,,,,,,,,,,,,,,,,,,,,,,,,,,,,,,,,,,
647,FALSE,18,Normal,,,李大娘出去买菜，还没回来。,Dialogue`648,,,,,,,,,,,,,,,,,,,,,,,,,,,,,,,,,,,,,,,,,,,,,,,,
648,FALSE,17,Normal,,,李大哥．．你怎么会惹上那些%苗人呢？我好怕会闹出人命呢,Dialogue`649,,,,,,,,,,,,,,,,,,,,,,,,,,,,,,,,,,,,,,,,,,,,,,,,
649,FALSE,0,Normal,,,哈哈．．我这是替天行道%你不要担心，我现在武功高强%没人打得过我的．．,UIPanel`BasicPanel,RoleState`18_11,,,,,,,,,,,,,,,,,,,,,,,,,,,,,,,,,,,,,,,,,,,,,,,
650,FALSE,18,Normal,,,逍遥哥哥加油！,UIPanel`BasicPanel,RoleState`18_12,,,,,,,,,,,,,,,,,,,,,,,,,,,,,,,,,,,,,,,,,,,,,,,
651,FALSE,,,,,打死那些坏蛋！,,,,,,,,,,,,,,,,,,,,,,,,,,,,,,,,,,,,,,,,,,,,,,,,,
652,FALSE,17,Normal,,,李大哥，你千万不要回家呀！%有三个苗人就在你家里等你呢%他们说：如果你不出现，他们%就要把你家给拆了,Dialogue`653,,,,,,,,,,,,,,,,,,,,,,,,,,,,,,,,,,,,,,,,,,,,,,,,
653,FALSE,0,Normal,,,啥！这样我不回去怎行？,Dialogue`654,,,,,,,,,,,,,,,,,,,,,,,,,,,,,,,,,,,,,,,,,,,,,,,,
654,FALSE,17,Normal,,,你看．．要不要报官啊,Dialogue`655,,,,,,,,,,,,,,,,,,,,,,,,,,,,,,,,,,,,,,,,,,,,,,,,
655,FALSE,0,Normal,,,不必～有我就行了%那些人不过是我的手下败将,Dialogue`656,,,,,,,,,,,,,,,,,,,,,,,,,,,,,,,,,,,,,,,,,,,,,,,,
656,FALSE,17,Normal,,,可是．．对方人多呢．．%要打架总要准备些家伙吧,UIPanel`BasicPanel,RoleState`17_13,,,,,,,,,,,,,,,,,,,,,,,,,,,,,,,,,,,,,,,,,,,,,,,
657,FALSE,17,Normal,,,渔港边打铁的曾大伯和林木匠%家里有卖一些兵器，我想你多%少先准备一下嘛．．,Dialogue`658,,,,,,,,,,,,,,,,,,,,,,,,,,,,,,,,,,,,,,,,,,,,,,,,
658,FALSE,0,Normal,,,好啦～好啦，我知道．．,Dialogue`659,,,,,,,,,,,,,,,,,,,,,,,,,,,,,,,,,,,,,,,,,,,,,,,,
659,FALSE,17,Normal,,,还有．．要不要先我替你去%洪大夫家里买些伤药回来？%万一．．万一．．,Dialogue`660,,,,,,,,,,,,,,,,,,,,,,,,,,,,,,,,,,,,,,,,,,,,,,,,
660,FALSE,0,Normal,,,啧．．你少触我霉头！,UIPanel`BasicPanel,RoleState`17_14,,,,,,,,,,,,,,,,,,,,,,,,,,,,,,,,,,,,,,,,,,,,,,,
661,FALSE,17,Normal,,,哼～人家担心你嘛．．,,,,,,,,,,,,,,,,,,,,,,,,,,,,,,,,,,,,,,,,,,,,,,,,,
662,FALSE,6,Normal,BGPlay`12,,哦～你这小子可真是深藏不露%我的手下告诉我说，那个胆大%包天、不知死活、想跟我们拜%月教作对的．．就是你？,Dialogue`663,,,,,,,,,,,,,,,,,,,,,,,,,,,,,,,,,,,,,,,,,,,,,,,,
663,FALSE,0,Normal,,,彼此彼此～小的也没想到客官%您会是个豺子狼心、强掳弱女%的江湖败类,Dialogue`664,,,,,,,,,,,,,,,,,,,,,,,,,,,,,,,,,,,,,,,,,,,,,,,,
664,FALSE,6,Normal,,,呸！你可知道你在做什么吗？,Dialogue`665,,,,,,,,,,,,,,,,,,,,,,,,,,,,,,,,,,,,,,,,,,,,,,,,
665,FALSE,6,Normal,,,我们是苗疆拜月教的使者，这%趟到中原来，为的是一项攸关%我苗疆数百万苗民兴亡存续的%重大任务，你若再插手阻扰，,Dialogue`666,,,,,,,,,,,,,,,,,,,,,,,,,,,,,,,,,,,,,,,,,,,,,,,,
666,FALSE,6,Normal,,,将是与我全族人为敌！,Dialogue`667,,,,,,,,,,,,,,,,,,,,,,,,,,,,,,,,,,,,,,,,,,,,,,,,
667,FALSE,0,Normal,,,别跟我说这些我听不懂的大话%有哪个干强盗的不会编理由？,Dialogue`668,,,,,,,,,,,,,,,,,,,,,,,,,,,,,,,,,,,,,,,,,,,,,,,,
668,FALSE,0,Normal,,,我只管我看到的．．你们杀人%行凶、强掳少女。嘿～被我遇%上了就算是你们的报应！,Dialogue`669,,,,,,,,,,,,,,,,,,,,,,,,,,,,,,,,,,,,,,,,,,,,,,,,
669,FALSE,6,Normal,,,．．．．公主殿下！%请你跟我们回苗疆，我们奉了%巫王之命，不惜任何代价也一%定要找到你，把你带回去。,Dialogue`670,,,,,,,,,,,,,,,,,,,,,,,,,,,,,,,,,,,,,,,,,,,,,,,,
670,FALSE,1,Normal,,,不要！你们杀了姥姥%还我姥姥的命来！,Dialogue`671,,,,,,,,,,,,,,,,,,,,,,,,,,,,,,,,,,,,,,,,,,,,,,,,
671,FALSE,6,Normal,,,乱臣贼子，人人得而诛之！%这老妖婆将你偷抱出宫逃到中%原来。害得你和你父王骨肉分%离十年，是个大叛徒！,Dialogue`672,,,,,,,,,,,,,,,,,,,,,,,,,,,,,,,,,,,,,,,,,,,,,,,,
672,FALSE,6,Normal,,,居然还让你拜师水月宫的门下%让你学习汉人邪魔外道的法术%你可知这十年来．．,Dialogue`673,,,,,,,,,,,,,,,,,,,,,,,,,,,,,,,,,,,,,,,,,,,,,,,,
673,FALSE,1,Normal,,,你胡说！  我．．我没有爹%姥姥说我爹爹早死了,Dialogue`674,,,,,,,,,,,,,,,,,,,,,,,,,,,,,,,,,,,,,,,,,,,,,,,,
674,FALSE,6,Normal,,,你亲生爹爹是巫王%统领苗疆各族的领袖,Dialogue`675,,,,,,,,,,,,,,,,,,,,,,,,,,,,,,,,,,,,,,,,,,,,,,,,
675,FALSE,6,Normal,,,你被带离开王宫时才六岁%那时候你还小，所以不明白,Dialogue`676,,,,,,,,,,,,,,,,,,,,,,,,,,,,,,,,,,,,,,,,,,,,,,,,
676,FALSE,1,Normal,,,骗人～你们骗人！%我不要再见到你们，你们走开,Dialogue`677,,,,,,,,,,,,,,,,,,,,,,,,,,,,,,,,,,,,,,,,,,,,,,,,
677,FALSE,0,Normal,,,喂！公主叫你们滚听到了没？,Dialogue`678,,,,,,,,,,,,,,,,,,,,,,,,,,,,,,,,,,,,,,,,,,,,,,,,
678,FALSE,6,Normal,,,臭小子！这里没你说话的余地%你胆敢再阻挠，我连你也杀！,Dialogue`679,,,,,,,,,,,,,,,,,,,,,,,,,,,,,,,,,,,,,,,,,,,,,,,,
679,FALSE,1,Normal,,,不要！我才不要相信你们的话%我要跟逍遥哥哥一起去找我娘,Dialogue`680,,,,,,,,,,,,,,,,,,,,,,,,,,,,,,,,,,,,,,,,,,,,,,,,
680,FALSE,0,Normal,,,听到了没有～灵儿说不跟你们%走，就是不跟你们走，识相的%就快滚吧。不然我可要赶人了,Dialogue`681,,,,,,,,,,,,,,,,,,,,,,,,,,,,,,,,,,,,,,,,,,,,,,,,
681,FALSE,6,Normal,,,好～莫怪我们来硬的！,Dialogue`682,BGPlay`-1,RoleTransfer`5_0.56_0_-19.45_3,GOSwitch`False_YuHang/YuHangInnRoom/Device7,GOSwitch`False_YuHang/YuHangInnRoom/Device8,GOSwitch`False_YuHang/YuHangInnRoom/Device10,GOSwitch`True_YuHang/YuHangInnRoom/Device9,GOSwitch`True_YuHang/YuHangInnRoom/Device11,GOSwitch`True_YuHang/YuHangInn/EventTrigger9,,,,,,,,,,,,,,,,,,,,,,,,,,,,,,,,,,,,,,,,
682,FALSE,5,Normal,,PlayerLeave`1,又怎么啦！　发生什么事了？,Dialogue`683,RoleTransfer`6_0.72_0_-19.345,SpecialAnim`6_Perform_True,SpecialAnim`5_Perform_True,,,,,,,,,,,,,,,,,,,,,,,,,,,,,,,,,,,,,,,,,,,,,
683,FALSE,6,Normal,,,不许动！%不然我就要这老太婆的命,Dialogue`684,RoleTransfer`0_1.04_0_-19.49,,,,,,,,,,,,,,,,,,,,,,,,,,,,,,,,,,,,,,,,,,,,,,,
684,FALSE,0,Normal,,,啊．．你！你卑鄙！！%快放开我婶婶．．,Dialogue`685,SpecialAnim`5_Perform_False_False,SpecialAnim`6_Perform_False_False,RoleTransfer`6_0.08_0_-19.06,,,,,,,,,,,,,,,,,,,,,,,,,,,,,,,,,,,,,,,,,,,,,
685,FALSE,5,Normal,,,谁是老太婆呀！你们这几个不%长眼睛的混蛋先给我打听清楚%老娘是何许人物？,Dialogue`686,,,,,,,,,,,,,,,,,,,,,,,,,,,,,,,,,,,,,,,,,,,,,,,,
686,FALSE,5,Normal,,,竟敢在我的店里撒野？要闹事%就给我滚到别处去，小心老娘%拆了你们的骨头拿去熬汤！,Dialogue`687,,,,,,,,,,,,,,,,,,,,,,,,,,,,,,,,,,,,,,,,,,,,,,,,
687,FALSE,5,Normal,,,喂．．黑脸的？　喂．．,Dialogue`688,RoleTransfer`5_0.245_0_-19.135_2,,,,,,,,,,,,,,,,,,,,,,,,,,,,,,,,,,,,,,,,,,,,,,,
688,FALSE,5,Normal,,,糟糕～　一不小心用了穿云掌%这胖子大概没救了．．,Dialogue`689,RoleTransfer`5_0.72_0_-19.33_3,,,,,,,,,,,,,,,,,,,,,,,,,,,,,,,,,,,,,,,,,,,,,,,
689,FALSE,0,Normal,,,哇．．婶婶！你好厉害喔．．,Dialogue`690,,,,,,,,,,,,,,,,,,,,,,,,,,,,,,,,,,,,,,,,,,,,,,,,
690,FALSE,5,Normal,,,种三脚猫货色我才不放%在眼里，想当年你婶婶我．．%算了．．不提了。,Dialogue`691,,,,,,,,,,,,,,,,,,,,,,,,,,,,,,,,,,,,,,,,,,,,,,,,
691,FALSE,5,Normal,,,喂～　你高兴个什么劲%闹出人命啦！这下怎么收拾？,Dialogue`692,,,,,,,,,,,,,,,,,,,,,,,,,,,,,,,,,,,,,,,,,,,,,,,,
692,FALSE,0,Normal,,,这班苗匪杀人越货、强掳弱女%死有余辜！婶婶这是替天行道,Dialogue`693,,,,,,,,,,,,,,,,,,,,,,,,,,,,,,,,,,,,,,,,,,,,,,,,
693,FALSE,5,Normal,,,去你的．．就会说风凉话，%日后官差问起来总是件麻烦事,Dialogue`694,,,,,,,,,,,,,,,,,,,,,,,,,,,,,,,,,,,,,,,,,,,,,,,,
694,FALSE,0,Normal,,,那．．这位小姑娘怎么办？%她的一家人全遇难了%咱们总不能不管吧？,Dialogue`695,,,,,,,,,,,,,,,,,,,,,,,,,,,,,,,,,,,,,,,,,,,,,,,,
695,FALSE,5,Normal,,,唉～　造孽．．．%那就让她在这里住下来吧。%你去楼上挑一间比较安静的%房间，让她好好休息一下。,Dialogue`696,,,,,,,,,,,,,,,,,,,,,,,,,,,,,,,,,,,,,,,,,,,,,,,,
696,FALSE,5,Normal,,,人家遇到这种惨事，心里一定%很难过。你可要多多关照人家%别让她想不开呀！,Dialogue`697,,,,,,,,,,,,,,,,,,,,,,,,,,,,,,,,,,,,,,,,,,,,,,,,
697,FALSE,0,Normal,,,放心．．我知道,Dialogue`698,RoleTransfer`0_-2.96_0_7.13_0,RoleState`1_8,RoleState`6_5,,,,,,,,,,,,,,,,,,,,,,,,,,,,,,,,,,,,,,,,,,,,,
698,FALSE,0,Normal,BGPlay`7,,她真的是累坏了．．,,,,,,,,,,,,,,,,,,,,,,,,,,,,,,,,,,,,,,,,,,,,,,,,,
699,FALSE,,,,,赵灵儿睡着了．．,,,,,,,,,,,,,,,,,,,,,,,,,,,,,,,,,,,,,,,,,,,,,,,,,
700,FALSE,5,Normal,,,小姑娘还好吧？,Dialogue`701,,,,,,,,,,,,,,,,,,,,,,,,,,,,,,,,,,,,,,,,,,,,,,,,
701,FALSE,0,Normal,,,倒头便睡着了%看来．．她一夜都未曾合过眼,Dialogue`702,,,,,,,,,,,,,,,,,,,,,,,,,,,,,,,,,,,,,,,,,,,,,,,,
702,FALSE,5,Normal,,,好吧．．这里没你的事了%回房去吧．．,Dialogue`703,TimeChange`YuHang_False,RoleTransfer`0_3.12_0_7.84,SpecialAnim`0_Pleasure_True,RoleState`1_9,GOSwitch`True_YuHang/YuHangInn/EventTrigger10,,,,,,,,,,,,,,,,,,,,,,,,,,,,,,,,,,,,,,,,,,,
703,TRUE,,,,,　　　　　当夜．．,Dialogue`704,,,,,,,,,,,,,,,,,,,,,,,,,,,,,,,,,,,,,,,,,,,,,,,,
704,TRUE,,,,,门外传来哭泣声．．,Dialogue`705,RoleTransfer`0_2.96_0_7.69_1,,,,,,,,,,,,,,,,,,,,,,,,,,,,,,,,,,,,,,,,,,,,,,,
705,FALSE,0,Normal,,,是谁呀？,,,,,,,,,,,,,,,,,,,,,,,,,,,,,,,,,,,,,,,,,,,,,,,,,
706,FALSE,0,Normal,RoleRotate`1_2,RoleTransfer`0_5.84_0_-17.85_3,你怎么了？,Dialogue`707,,,,,,,,,,,,,,,,,,,,,,,,,,,,,,,,,,,,,,,,,,,,,,,,
707,FALSE,1,Normal,,,逍遥哥哥．．我好怕．．%我．．我又梦见姥姥被．．,Dialogue`708,,,,,,,,,,,,,,,,,,,,,,,,,,,,,,,,,,,,,,,,,,,,,,,,
708,FALSE,0,Normal,,,是不是作了恶梦？%别怕．．　在这里很安全%我跟婶婶都会保护你的．．,Dialogue`709,,,,,,,,,,,,,,,,,,,,,,,,,,,,,,,,,,,,,,,,,,,,,,,,
709,FALSE,1,Normal,,,我要跟你一起睡．．,Dialogue`710,,,,,,,,,,,,,,,,,,,,,,,,,,,,,,,,,,,,,,,,,,,,,,,,
710,FALSE,0,Normal,,,啥！？　一起．．．,Dialogue`711,,,,,,,,,,,,,,,,,,,,,,,,,,,,,,,,,,,,,,,,,,,,,,,,
711,FALSE,0,Normal,,,这．．不太妥吧！？,Dialogue`712,,,,,,,,,,,,,,,,,,,,,,,,,,,,,,,,,,,,,,,,,,,,,,,,
712,FALSE,1,Normal,,,为什么不行．．？,Dialogue`713,,,,,,,,,,,,,,,,,,,,,,,,,,,,,,,,,,,,,,,,,,,,,,,,
713,FALSE,0,Normal,,,我是很同情你，但．．这%男女授受不亲．．你懂吧？,Dialogue`714,,,,,,,,,,,,,,,,,,,,,,,,,,,,,,,,,,,,,,,,,,,,,,,,
714,FALSE,1,Normal,RoleRotate`1_1,,你．．你是不是嫌弃我！,Dialogue`715,,,,,,,,,,,,,,,,,,,,,,,,,,,,,,,,,,,,,,,,,,,,,,,,
715,FALSE,1,Normal,RoleRotate`1_3,,呜．．．%逍遥哥哥也不要灵儿了吗？！,Dialogue`716,,,,,,,,,,,,,,,,,,,,,,,,,,,,,,,,,,,,,,,,,,,,,,,,
716,FALSE,0,Normal,,,我！？　这．．．,Dialogue`717,,,,,,,,,,,,,,,,,,,,,,,,,,,,,,,,,,,,,,,,,,,,,,,,
717,FALSE,5,Normal,RoleTransfer`5_4.72_0_-17.53_3,,逍遥！　你欺负人家啦？,Dialogue`718,,,,,,,,,,,,,,,,,,,,,,,,,,,,,,,,,,,,,,,,,,,,,,,,
718,FALSE,0,Normal,RoleTransfer`0_5.04_0_-17.65_2,,我哪敢啊！？,Dialogue`719,RoleTransfer`5_5.84_0_-17.93_3,RoleRotate`1_2,,,,,,,,,,,,,,,,,,,,,,,,,,,,,,,,,,,,,,,,,,,,,,
719,FALSE,5,Normal,,,别理那浑小子！,Dialogue`720,,,,,,,,,,,,,,,,,,,,,,,,,,,,,,,,,,,,,,,,,,,,,,,,
720,FALSE,5,Normal,,,走．．到我房里来%有什么委屈就说给大娘听%大娘替你作主！,Dialogue`721,RoleRotate`0_2,RoleState`1_10,RoleState`5_13,RoleState`17_15,RoleState`18_13,GOSwitch`True_YuHang/YuHangInnRoom/EventTrigger3,,,,,,,,,,,,,,,,,,,,,,,,,,,,,,,,,,,,,,,,,,
721,TRUE,,,,,　次日．．,UIPanel`BasicPanel,TimeChange`YuHang_True,BGPlay`8,RoleTransfer`0_2.96_0_7.69_1,RoleState`10_6,RoleState`11_5,RoleState`12_0,GOSwitch`True_YuHang/YuHang/Chicken,GOSwitch`True_YuHang/YuHang/Chicken-,GOSwitch`True_YuHang/YuHang/Chicken--,GOSwitch`True_YuHang/YuHang/Chicken---,GOSwitch`True_YuHang/YuHang/Chicken----,,,,,,,,,,,,,,,,,,,,,,,,,,,,,,,,,,,,,
722,FALSE,18,Normal,,,逍遥哥哥好厉害喔！,UIPanel`BasicPanel,RoleState`18_14,,,,,,,,,,,,,,,,,,,,,,,,,,,,,,,,,,,,,,,,,,,,,,,
723,FALSE,,,,,逍遥哥哥你当我师父好不好？,UIPanel`BasicPanel,RoleState`18_13,,,,,,,,,,,,,,,,,,,,,,,,,,,,,,,,,,,,,,,,,,,,,,,
724,FALSE,17,Normal,,,好可怕～你们会用法术．．,,,,,,,,,,,,,,,,,,,,,,,,,,,,,,,,,,,,,,,,,,,,,,,,,
725,FALSE,17,Normal,,,逍遥哥哥，那个女孩子是谁？%怎么会住在你家？,,,,,,,,,,,,,,,,,,,,,,,,,,,,,,,,,,,,,,,,,,,,,,,,,
726,FALSE,5,Normal,RoleRotate`5_2,,呵～　呵～　你这小子！,Dialogue`727,,,,,,,,,,,,,,,,,,,,,,,,,,,,,,,,,,,,,,,,,,,,,,,,
727,FALSE,0,Normal,,,婶婶．．你干嘛笑得那么诡异,Dialogue`728,,,,,,,,,,,,,,,,,,,,,,,,,,,,,,,,,,,,,,,,,,,,,,,,
728,FALSE,5,Normal,RoleTransfer`5_4.085_0_3.085,,少跟老娘装傻！%自己干了啥坏事还会不知？,Dialogue`729,,,,,,,,,,,,,,,,,,,,,,,,,,,,,,,,,,,,,,,,,,,,,,,,
729,FALSE,0,Normal,,,我！？　．．．我又怎么了？,Dialogue`730,,,,,,,,,,,,,,,,,,,,,,,,,,,,,,,,,,,,,,,,,,,,,,,,
730,FALSE,5,Normal,,,老娘决定了！！%就让你带灵儿去苗疆找妈妈,Dialogue`731,,,,,,,,,,,,,,,,,,,,,,,,,,,,,,,,,,,,,,,,,,,,,,,,
731,FALSE,0,Normal,,,她都告诉您啦？,Dialogue`732,,,,,,,,,,,,,,,,,,,,,,,,,,,,,,,,,,,,,,,,,,,,,,,,
732,FALSE,5,Normal,RoleRotate`5_3,,嘿～　从小到大．．%你有哪件事瞒得过你婶婶的？,Dialogue`733,,,,,,,,,,,,,,,,,,,,,,,,,,,,,,,,,,,,,,,,,,,,,,,,
733,FALSE,0,Normal,,,到苗疆可是数千里之远喔！%我要是去了，这一趟可不只是%十天半个月的哦！,Dialogue`734,,,,,,,,,,,,,,,,,,,,,,,,,,,,,,,,,,,,,,,,,,,,,,,,
734,FALSE,5,Normal,,,你这么大了。再说．．你这个%性．．也不可能在这乡下地方%待的下去。年青人出去见见世%面也未尝不好,Dialogue`735,,,,,,,,,,,,,,,,,,,,,,,,,,,,,,,,,,,,,,,,,,,,,,,,
735,FALSE,0,Normal,,,婶婶～　您终于了解我了！,Dialogue`736,,,,,,,,,,,,,,,,,,,,,,,,,,,,,,,,,,,,,,,,,,,,,,,,
736,FALSE,5,Normal,,,先别得意忘形．．这趟路呢%你得给我办成一件事！,Dialogue`737,,,,,,,,,,,,,,,,,,,,,,,,,,,,,,,,,,,,,,,,,,,,,,,,
737,FALSE,0,Normal,,,哈！别说一件、一百件也行！,Dialogue`738,,,,,,,,,,,,,,,,,,,,,,,,,,,,,,,,,,,,,,,,,,,,,,,,
738,FALSE,5,Normal,,,你见到赵夫人后．．就当面%向她提亲．．说你想娶灵儿%为妻。,Dialogue`739,,,,,,,,,,,,,,,,,,,,,,,,,,,,,,,,,,,,,,,,,,,,,,,,
739,FALSE,0,Normal,,,　啥！？,Dialogue`740,,,,,,,,,,,,,,,,,,,,,,,,,,,,,,,,,,,,,,,,,,,,,,,,
740,FALSE,5,Normal,,,婚姻大事～父母之命！%你的婚事当然由婶婶我作主%灵儿呢．．如果她娘亲尚在%人世，就该向人家当面禀明,Dialogue`741,,,,,,,,,,,,,,,,,,,,,,,,,,,,,,,,,,,,,,,,,,,,,,,,
741,FALSE,0,Normal,,,万一．．找不到呢？,Dialogue`742,,,,,,,,,,,,,,,,,,,,,,,,,,,,,,,,,,,,,,,,,,,,,,,,
742,FALSE,5,Normal,,,要是找不到，你们直接抱%个孙子回来也行,Dialogue`743,,,,,,,,,,,,,,,,,,,,,,,,,,,,,,,,,,,,,,,,,,,,,,,,
743,FALSE,0,Normal,,,哪有那么快的．．,Dialogue`744,,,,,,,,,,,,,,,,,,,,,,,,,,,,,,,,,,,,,,,,,,,,,,,,
744,FALSE,5,Normal,RoleState`5_15,ItemAdd`27,少罗唆．．这包袱拿着！,Dialogue`745,,,,,,,,,,,,,,,,,,,,,,,,,,,,,,,,,,,,,,,,,,,,,,,,
745,FALSE,0,Normal,,,里面是什么东西啊？,Dialogue`746,,,,,,,,,,,,,,,,,,,,,,,,,,,,,,,,,,,,,,,,,,,,,,,,
746,FALSE,5,Normal,,,自己不会打开来看看,UIPanel`BasicPanel,RoleState`1_10,RoleState`16_12,RoleState`17_16,RoleState`18_15,RoleState`32_2,,,,,,,,,,,,,,,,,,,,,,,,,,,,,,,,,,,,,,,,,,,
747,FALSE,5,Normal,,,去吧．．路上小心,,,,,,,,,,,,,,,,,,,,,,,,,,,,,,,,,,,,,,,,,,,,,,,,,
748,FALSE,0,Normal,,,咱们走吧．．！,Dialogue`749,,,,,,,,,,,,,,,,,,,,,,,,,,,,,,,,,,,,,,,,,,,,,,,,
749,FALSE,1,Normal,,,　嗯．．．,UIPanel`BasicPanel,GOSwitch`True_YuHang/YuHang/EventTrigger3,PlayerJoin`1,RoleFollow`1_True,,,,,,,,,,,,,,,,,,,,,,,,,,,,,,,,,,,,,,,,,,,,,
750,FALSE,0,,,,哇～　哈～　我自由了！,,,,,,,,,,,,,,,,,,,,,,,,,,,,,,,,,,,,,,,,,,,,,,,,,
751,FALSE,18,Normal,,,逍遥哥哥．．我要跟你去,UIPanel`BasicPanel,RoleState`18_16,,,,,,,,,,,,,,,,,,,,,,,,,,,,,,,,,,,,,,,,,,,,,,,
752,FALSE,,,,,呜～　逍遥哥哥都不理人家了,UIPanel`BasicPanel,RoleState`18_15,,,,,,,,,,,,,,,,,,,,,,,,,,,,,,,,,,,,,,,,,,,,,,,
753,FALSE,17,Normal,,,逍遥哥哥．．你不要走嘛～%人家会想你呢．．,,,,,,,,,,,,,,,,,,,,,,,,,,,,,,,,,,,,,,,,,,,,,,,,,
754,FALSE,16,Normal,,,李家哥哥．．%听说．．你要远行吗？,UIPanel`BasicPanel,RoleState`16_13,,,,,,,,,,,,,,,,,,,,,,,,,,,,,,,,,,,,,,,,,,,,,,,
755,FALSE,,,,,要记得我喔．．,,,,,,,,,,,,,,,,,,,,,,,,,,,,,,,,,,,,,,,,,,,,,,,,,
756,FALSE,32,,,,小李子，你终于想回来我的%船上工作了吗！？,Dialogue`757,,,,,,,,,,,,,,,,,,,,,,,,,,,,,,,,,,,,,,,,,,,,,,,,
757,FALSE,0,Normal,,,不．．方老板，我们兄妹俩%要出远门，能否搭您的便船？,Dialogue`758,,,,,,,,,,,,,,,,,,,,,,,,,,,,,,,,,,,,,,,,,,,,,,,,
758,FALSE,32,,,,啧．．好吧。%不过．．我这艘船只到苏州,Dialogue`759,,,,,,,,,,,,,,,,,,,,,,,,,,,,,,,,,,,,,,,,,,,,,,,,
759,FALSE,0,Normal,,,也成！,Dialogue`760,RoleTransfer`0_1_0_37.7_3,RoleState`2_1,,,,,,,,,,,,,,,,,,,,,,,,,,,,,,,,,,,,,,,,,,,,,,
760,FALSE,32,,BGPlay`13,,祝你们一路顺风，我只能送你%们到这里了，前面不远就是苏%州城。,,,,,,,,,,,,,,,,,,,,,,,,,,,,,,,,,,,,,,,,,,,,,,,,,
761,FALSE,,,,,嘿嘿．．,Dialogue`24,,,,,,,,,,,,,,,,,,,,,,,,,,,,,,,,,,,,,,,,,,,,,,,,
762,FALSE,2,Normal,BGPlay`14,,    我们的爱情%像你路过的风景,UIPanel`BasicPanel,BGPlay`13,,,,,,,,,,,,,,,,,,,,,,,,,,,,,,,,,,,,,,,,,,,,,,,
763,FALSE,0,Normal,,,哈！这不是上回投宿的镖师吃%饭的家伙吗？居然掉了一支在%被窝里．．,UIPanel`BasicPanel,Tip`6,,,,,,,,,,,,,,,,,,,,,,,,,,,,,,,,,,,,,,,,,,,,,,,
764,FALSE,,,,,一个空箱子．．,,,,,,,,,,,,,,,,,,,,,,,,,,,,,,,,,,,,,,,,,,,,,,,,,
765,TRUE,,,,,打开包袱，里面有５００文钱%一本手卷，一些疗伤药、一双%绣花鞋、玉镯子、以及一把略%为生锈的铁剑．．,Dialogue`766,CopperAdd`500,ItemAdd`28,ItemAdd`21,ItemAdd`22,ItemAdd`23,,,,,,,,,,,,,,,,,,,,,,,,,,,,,,,,,,,,,,,,,,,
766,FALSE,0,Normal,,,咦？这不是爹的配剑吗，我还%以为不见了呢，原来婶婶一直%把它收藏著．．,,,,,,,,,,,,,,,,,,,,,,,,,,,,,,,,,,,,,,,,,,,,,,,,,
767,TRUE,,,,,手卷上记载著：%"飞龙探云手"以及"冰心诀"%的口诀及图解还有一封信,Dialogue`768,,,,,,,,,,,,,,,,,,,,,,,,,,,,,,,,,,,,,,,,,,,,,,,,
768,TRUE,,,,,信上写著：%逍遥．．,Dialogue`769,,,,,,,,,,,,,,,,,,,,,,,,,,,,,,,,,,,,,,,,,,,,,,,,
769,TRUE,,,,,探云手乃你爹娘生前成名于江%湖的绝技，现在是传给你的时%候了，你要将此绝技用于正途%切莫辱没你爹南盗侠的美名,Dialogue`770,,,,,,,,,,,,,,,,,,,,,,,,,,,,,,,,,,,,,,,,,,,,,,,,
770,TRUE,,,,,李逍遥学得"飞龙探云手"%及"冰心诀"二种绝技,UIPanel`BasicPanel,SkillLearn`0_2,SkillLearn`0_3,,,,,,,,,,,,,,,,,,,,,,,,,,,,,,,,,,,,,,,,,,,,,,